student_id,t1_status,t1_outstanding,t1_days_late,t2_status,t2_outstanding,t2_days_late,income_encoded,sibling_count,transport_user,outstanding_growth,days_late_trend,both_terms_late,escalating,avg_outstanding,max_days_late,label
STU_001,0,74,0,0,146,6,1,1,1,71,6,0,0,110,6,0
STU_002,0,66,0,0,37,4,2,0,1,-29,3,0,0,52,4,0
STU_003,1,223,10,1,1682,23,1,4,1,1459,13,1,0,952,23,0
STU_004,0,121,4,0,133,9,1,0,0,11,4,0,0,127,9,0
STU_005,0,95,7,2,5925,62,0,1,0,5829,54,0,1,3010,62,0
STU_006,2,1139,120,1,960,22,0,2,0,-179,-98,1,0,1050,120,0
STU_007,0,6,3,0,192,6,0,1,0,185,2,0,0,99,6,0
STU_008,0,128,5,0,23,4,2,3,0,-105,-1,0,0,76,5,0
STU_009,0,152,5,0,142,3,1,0,1,-10,-1,0,0,147,5,0
STU_010,0,151,9,0,46,0,1,1,0,-105,-9,0,0,99,9,0
STU_011,1,2581,113,0,83,4,0,0,0,-2498,-108,0,0,1332,113,0
STU_012,1,1918,14,0,7,8,2,0,0,-1911,-5,0,0,962,14,0
STU_013,2,5832,120,1,8000,30,2,4,1,2168,-90,1,0,6916,120,2
STU_014,0,66,7,2,3882,2,0,0,0,3815,-5,0,1,1974,7,0
STU_015,0,100,2,0,68,8,0,1,1,-32,6,0,0,84,8,0
STU_016,1,2088,34,1,4151,29,0,1,0,2063,-5,1,0,3120,34,0
STU_017,0,1,9,2,3324,100,1,1,1,3322,90,0,1,1663,100,0
STU_018,0,48,0,1,5491,20,1,3,1,5442,19,0,1,2770,20,0
STU_019,0,20,9,2,1783,120,1,0,0,1762,110,0,1,902,120,0
STU_020,0,52,1,2,182,20,0,2,0,129,18,0,1,117,20,0
STU_021,0,35,8,0,66,3,1,4,0,30,-4,0,0,51,8,0
STU_022,1,2602,30,1,1540,19,0,2,0,-1062,-11,1,0,2071,30,0
STU_023,1,2281,68,0,65,8,0,4,1,-2216,-59,0,0,1173,68,0
STU_024,0,1,2,0,135,6,1,0,1,133,4,0,0,68,6,0
STU_025,0,147,5,1,2930,12,1,1,1,2782,6,0,1,1539,12,0
STU_026,0,30,3,0,77,5,2,1,1,46,1,0,0,54,5,0
STU_027,1,2470,48,1,1946,26,0,2,0,-524,-22,1,0,2208,48,0
STU_028,0,178,0,0,4,1,1,5,0,-174,0,0,0,91,1,0
STU_029,0,130,0,0,44,2,1,1,1,-86,1,0,0,87,2,0
STU_030,0,134,0,1,1970,120,0,2,0,1835,119,0,1,1052,120,0
STU_031,0,1,4,0,157,9,1,0,1,155,5,0,0,79,9,0
STU_032,0,196,8,0,22,1,0,2,0,-174,-6,0,0,109,8,0
STU_033,1,398,50,2,3577,71,0,1,0,3179,21,1,1,1988,71,2
STU_034,0,179,2,0,77,4,2,5,1,-102,1,0,0,128,4,0
STU_035,0,131,5,0,15,0,2,2,0,-116,-5,0,0,73,5,0
STU_036,0,68,7,0,163,6,2,1,1,94,-1,0,0,116,7,0
STU_037,0,178,2,0,116,0,1,0,1,-62,-2,0,0,147,2,0
STU_038,1,2726,67,2,4513,11,0,0,1,1787,-56,1,1,3620,67,0
STU_039,0,112,5,0,179,4,1,0,1,66,0,0,0,146,5,0
STU_040,1,8000,8,0,9,9,1,1,1,-7991,1,0,0,4004,9,0
STU_041,0,184,0,0,40,4,0,3,1,-144,4,0,0,112,4,0
STU_042,0,28,1,1,5324,35,1,2,0,5295,33,0,1,2676,35,0
STU_043,0,44,6,0,142,9,0,1,0,97,3,0,0,93,9,0
STU_044,0,111,0,1,229,20,2,0,1,117,19,0,1,170,20,0
STU_045,0,152,1,0,12,3,0,3,0,-140,1,0,0,82,3,0
STU_046,1,236,4,1,2890,5,1,2,0,2654,1,1,0,1563,5,0
STU_047,0,46,0,1,4721,6,1,0,0,4674,5,0,1,2384,6,0
STU_048,0,0,1,0,39,5,1,2,1,38,3,0,0,20,5,0
STU_049,1,4528,58,1,1889,78,1,1,1,-2639,20,1,0,3208,78,0
STU_050,2,376,11,2,7872,5,0,0,0,7496,-6,1,0,4124,11,0
STU_051,0,161,6,0,9,1,2,1,1,-152,-4,0,0,85,6,0
STU_052,2,1113,25,2,8000,17,2,1,1,6887,-8,1,0,4556,25,2
STU_053,0,180,6,0,114,5,2,0,1,-66,-1,0,0,147,6,0
STU_054,0,81,5,0,85,0,2,4,1,3,-5,0,0,83,5,0
STU_055,1,3584,48,2,2061,55,1,3,1,-1523,7,1,1,2822,55,0
STU_056,0,95,8,0,193,9,2,2,0,97,1,0,0,144,9,0
STU_057,0,89,4,0,46,5,0,1,1,-43,0,0,0,68,5,0
STU_058,0,155,8,2,1571,120,0,1,0,1415,111,0,1,863,120,0
STU_059,1,925,5,1,1217,19,0,2,1,292,14,1,0,1071,19,0
STU_060,1,1780,29,0,134,0,1,1,1,-1646,-28,0,0,957,29,0
STU_061,0,51,7,0,88,7,1,0,0,36,0,0,0,70,7,0
STU_062,0,7,9,0,115,7,0,1,0,107,-2,0,0,61,9,0
STU_063,0,116,5,0,149,6,2,3,1,32,1,0,0,133,6,0
STU_064,0,45,4,0,155,7,1,1,0,109,2,0,0,100,7,0
STU_065,0,29,7,0,184,0,0,0,1,154,-6,0,0,107,7,0
STU_066,1,33,20,1,3483,11,1,3,0,3450,-9,1,0,1758,20,0
STU_067,0,136,9,0,59,1,0,0,0,-77,-8,0,0,98,9,0
STU_068,0,150,3,0,128,3,2,1,1,-22,0,0,0,139,3,0
STU_069,0,100,7,0,83,9,0,0,1,-17,1,0,0,92,9,0
STU_070,0,178,2,0,119,5,2,1,1,-59,2,0,0,149,5,0
STU_071,2,3295,39,1,7765,13,2,2,0,4470,-26,1,0,5530,39,0
STU_072,0,161,1,0,31,0,0,1,1,-130,0,0,0,96,1,0
STU_073,0,127,3,2,5759,14,0,0,1,5631,10,0,1,2943,14,0
STU_074,0,60,9,1,7367,0,2,3,1,7306,-9,0,1,3714,9,0
STU_075,0,196,1,1,164,72,1,3,1,-32,70,0,1,180,72,0
STU_076,0,54,6,0,99,0,1,3,1,44,-5,0,0,77,6,0
STU_077,0,40,5,0,33,1,2,0,0,-7,-4,0,0,37,5,0
STU_078,0,88,1,0,83,2,0,1,0,-5,1,0,0,86,2,0
STU_079,0,11,3,0,157,7,1,5,1,145,4,0,0,84,7,0
STU_080,0,195,5,0,83,1,0,3,0,-112,-3,0,0,139,5,0
STU_081,0,117,1,0,139,8,2,0,1,21,6,0,0,128,8,0
STU_082,2,606,61,1,1815,34,1,0,0,1209,-27,1,0,1210,61,0
STU_083,0,131,9,0,48,0,1,1,1,-83,-9,0,0,90,9,0
STU_084,0,99,2,2,6883,25,0,4,1,6783,22,0,1,3491,25,0
STU_085,0,6,1,0,17,9,1,1,0,10,7,0,0,12,9,0
STU_086,0,122,4,1,1494,34,1,1,0,1371,29,0,1,808,34,0
STU_087,1,6670,35,1,3892,21,1,0,0,-2778,-14,1,0,5281,35,0
STU_088,0,83,2,1,684,84,1,2,1,600,81,0,1,384,84,0
STU_089,0,151,0,0,101,3,2,3,1,-50,2,0,0,126,3,0
STU_090,0,45,5,1,294,25,1,1,0,248,19,0,1,170,25,0
STU_091,0,44,9,0,141,2,0,3,1,96,-7,0,0,93,9,0
STU_092,1,1299,10,1,2648,55,1,4,0,1349,45,1,0,1974,55,0
STU_093,0,74,4,0,146,2,2,0,0,71,-1,0,0,110,4,0
STU_094,0,169,9,0,82,4,1,1,1,-87,-5,0,0,126,9,0
STU_095,0,165,6,1,2874,69,2,1,0,2708,62,0,1,1520,69,0
STU_096,0,76,7,2,3391,57,1,3,0,3314,49,0,1,1734,57,0
STU_097,0,117,5,0,84,5,1,2,0,-33,0,0,0,101,5,0
STU_098,1,470,72,0,119,9,1,2,0,-351,-62,0,0,294,72,0
STU_099,0,48,6,0,189,2,0,3,0,140,-4,0,0,119,6,0
STU_100,1,1240,38,2,542,23,0,1,0,-698,-15,1,1,891,38,0
STU_101,0,194,6,0,181,6,0,4,1,-13,0,0,0,188,6,0
STU_102,0,123,7,0,11,6,1,1,0,-112,-1,0,0,67,7,0
STU_103,0,196,2,0,62,0,1,0,0,-134,-2,0,0,129,2,0
STU_104,1,108,56,0,58,6,1,2,0,-50,-49,0,0,83,56,0
STU_105,0,140,7,0,125,3,2,3,0,-15,-4,0,0,133,7,0
STU_106,0,44,2,0,26,7,0,1,1,-18,4,0,0,35,7,0
STU_107,0,52,5,0,176,8,1,3,1,123,2,0,0,114,8,0
STU_108,0,102,2,1,1364,26,2,4,0,1261,23,0,1,733,26,0
STU_109,0,63,8,0,130,0,0,1,1,66,-8,0,0,97,8,0
STU_110,2,3708,13,0,92,6,0,5,1,-3616,-6,0,0,1900,13,0
STU_111,2,1745,7,1,1818,16,0,0,1,73,9,1,0,1782,16,0
STU_112,0,7,6,0,166,2,0,0,0,158,-3,0,0,87,6,0
STU_113,1,8000,11,0,100,4,2,0,0,-7900,-6,0,0,4050,11,0
STU_114,0,98,5,2,4754,101,2,3,0,4655,95,0,1,2426,101,2
STU_115,0,18,2,1,711,92,1,2,1,692,89,0,1,365,92,0
STU_116,0,34,3,1,364,120,2,0,0,329,116,0,1,199,120,0
STU_117,0,20,3,1,2001,80,2,1,1,1980,76,0,1,1011,80,0
STU_118,2,699,101,1,4196,13,0,2,0,3497,-88,1,0,2448,101,0
STU_119,0,18,9,0,16,9,2,0,0,-2,0,0,0,17,9,0
STU_120,0,150,0,0,71,6,1,3,1,-79,5,0,0,111,6,0
STU_121,0,4,6,1,7457,64,2,3,0,7452,57,0,1,3731,64,0
STU_122,0,49,3,0,191,6,2,1,0,141,2,0,0,120,6,0
STU_123,0,178,6,0,193,6,1,4,1,14,0,0,0,186,6,0
STU_124,2,2681,120,1,2560,53,0,1,1,-121,-67,1,0,2620,120,0
STU_125,1,470,14,1,910,51,0,5,1,440,37,1,0,690,51,0
STU_126,1,1,90,1,500,3,1,2,1,499,-87,1,0,250,90,0
STU_127,0,98,6,1,4211,9,2,2,1,4112,2,0,1,2155,9,0
STU_128,0,169,1,0,14,0,2,0,1,-155,0,0,0,92,1,0
STU_129,0,120,6,1,1000,24,0,3,0,879,17,0,1,560,24,0
STU_130,0,136,2,0,134,9,1,1,0,-2,7,0,0,135,9,0
STU_131,0,198,0,0,62,3,1,0,0,-136,3,0,0,130,3,0
STU_132,1,1324,11,2,2133,6,0,0,0,809,-5,1,1,1728,11,0
STU_133,0,124,4,1,838,19,0,2,1,713,14,0,1,481,19,0
STU_134,0,92,4,0,62,7,1,1,1,-30,2,0,0,77,7,0
STU_135,0,7,7,0,13,1,2,2,1,5,-5,0,0,10,7,0
STU_136,0,2,3,0,15,2,1,3,0,12,0,0,0,9,3,0
STU_137,0,23,3,0,50,5,1,0,1,26,2,0,0,37,5,0
STU_138,2,8000,59,2,8000,12,1,2,0,0,-47,1,0,8000,59,2
STU_139,0,113,6,1,645,36,1,0,1,531,29,0,1,379,36,0
STU_140,1,1095,67,0,64,6,2,3,1,-1031,-60,0,0,580,67,0
STU_141,0,6,3,0,161,5,2,3,0,154,2,0,0,84,5,0
STU_142,0,93,7,0,35,9,0,1,0,-58,2,0,0,64,9,0
STU_143,0,184,5,1,3237,6,1,2,0,3052,0,0,1,1711,6,0
STU_144,1,1039,7,2,2035,111,1,1,1,996,104,1,1,1537,111,2
STU_145,1,4254,22,1,1788,120,0,1,1,-2466,98,1,0,3021,120,0
STU_146,0,155,6,0,120,3,0,3,1,-35,-2,0,0,138,6,0
STU_147,0,156,6,1,3189,12,1,1,0,3032,5,0,1,1673,12,0
STU_148,0,103,2,0,46,0,1,1,0,-57,-2,0,0,75,2,0
STU_149,0,171,1,0,99,1,0,1,1,-72,0,0,0,135,1,0
STU_150,2,733,18,2,3352,38,0,3,1,2619,20,1,0,2042,38,0
STU_151,0,177,6,2,8000,62,2,1,0,7822,55,0,1,4089,62,2
STU_152,0,48,8,0,11,2,0,0,0,-37,-6,0,0,30,8,0
STU_153,0,56,4,0,47,1,0,2,1,-9,-2,0,0,52,4,0
STU_154,0,10,1,0,127,5,1,3,0,116,4,0,0,69,5,0
STU_155,0,159,7,0,52,7,2,0,0,-107,0,0,0,106,7,0
STU_156,0,83,8,0,38,3,0,0,0,-45,-5,0,0,61,8,0
STU_157,0,45,8,0,92,5,1,0,0,46,-3,0,0,69,8,0
STU_158,0,46,6,0,123,0,2,1,1,76,-5,0,0,85,6,0
STU_159,0,180,8,0,50,9,0,1,1,-130,0,0,0,115,9,0
STU_160,1,3391,6,0,60,3,1,2,1,-3331,-2,0,0,1726,6,0
STU_161,0,110,1,0,123,9,1,2,0,12,8,0,0,117,9,0
STU_162,0,123,0,0,189,9,1,2,0,65,8,0,0,156,9,0
STU_163,0,94,7,0,135,7,1,1,0,40,0,0,0,115,7,0
STU_164,0,78,0,0,157,0,1,3,0,78,0,0,0,118,0,0
STU_165,0,183,4,0,73,5,0,1,1,-110,0,0,0,128,5,0
STU_166,0,25,4,1,2102,96,2,5,0,2076,91,0,1,1064,96,0
STU_167,0,83,3,0,91,8,1,2,0,7,5,0,0,87,8,0
STU_168,2,2915,87,2,3553,33,0,0,0,638,-54,1,0,3234,87,0
STU_169,0,99,1,0,91,9,0,2,0,-8,8,0,0,95,9,0
STU_170,0,91,3,0,169,6,1,1,0,77,2,0,0,130,6,0
STU_171,0,103,7,0,198,5,1,2,0,94,-2,0,0,151,7,0
STU_172,0,27,0,0,14,5,0,0,1,-13,4,0,0,21,5,0
STU_173,0,102,6,1,491,9,1,0,0,388,2,0,1,297,9,0
STU_174,1,500,120,2,444,3,0,3,0,-56,-117,1,1,472,120,0
STU_175,0,36,9,2,8000,94,1,0,1,7963,84,0,1,4018,94,2
STU_176,0,12,8,0,26,9,0,3,1,13,0,0,0,19,9,0
STU_177,0,152,3,0,174,5,1,1,1,21,2,0,0,163,5,0
STU_178,0,85,5,0,5,8,1,2,1,-80,2,0,0,45,8,0
STU_179,0,125,0,0,63,8,2,2,0,-62,7,0,0,94,8,0
STU_180,0,145,2,0,37,5,0,1,0,-108,2,0,0,91,5,0
STU_181,0,135,0,1,5231,93,1,1,0,5095,92,0,1,2683,93,0
STU_182,0,94,3,1,181,23,0,0,1,86,19,0,1,138,23,0
STU_183,0,77,8,0,182,4,2,0,1,104,-4,0,0,130,8,0
STU_184,2,8000,33,1,4048,47,2,1,0,-3952,14,1,0,6024,47,0
STU_185,0,128,5,0,99,3,0,2,0,-29,-1,0,0,114,5,0
STU_186,1,358,44,1,442,16,1,4,1,84,-28,1,0,400,44,0
STU_187,1,889,42,0,39,0,2,3,0,-850,-41,0,0,464,42,0
STU_188,0,174,9,1,3515,20,1,2,1,3340,10,0,1,1845,20,0
STU_189,0,34,2,0,142,8,1,3,1,107,5,0,0,88,8,0
STU_190,0,27,6,0,8,6,0,2,1,-19,0,0,0,18,6,0
STU_191,0,126,4,0,10,5,0,1,1,-116,1,0,0,68,5,0
STU_192,0,60,0,0,122,7,2,4,1,61,6,0,0,91,7,0
STU_193,1,1316,99,2,2181,16,2,2,0,865,-83,1,1,1748,99,0
STU_194,2,920,56,2,1593,19,1,2,1,673,-37,1,0,1256,56,0
STU_195,0,45,0,2,3809,16,1,0,1,3763,15,0,1,1927,16,0
STU_196,0,185,0,0,161,4,1,1,0,-24,3,0,0,173,4,0
STU_197,0,143,1,0,107,6,1,1,0,-36,5,0,0,125,6,0
STU_198,1,1103,6,0,21,5,2,3,0,-1082,0,0,0,562,6,0
STU_199,0,40,7,0,159,0,2,1,0,118,-6,0,0,100,7,0
STU_200,0,46,5,0,191,9,2,1,1,144,3,0,0,119,9,0
STU_201,0,104,4,0,12,7,1,5,1,-92,3,0,0,58,7,0
STU_202,0,34,8,0,78,1,0,0,0,43,-7,0,0,56,8,0
STU_203,1,3900,5,0,98,9,0,1,0,-3802,4,0,0,1999,9,0
STU_204,0,64,8,2,8000,113,2,0,1,7935,104,0,1,4032,113,2
STU_205,0,31,8,2,202,67,1,2,0,170,58,0,1,117,67,0
STU_206,2,742,1,0,57,6,0,4,0,-685,5,0,0,400,6,0
STU_207,0,157,4,1,1347,17,0,1,1,1189,12,0,1,752,17,0
STU_208,0,33,8,0,134,5,1,3,0,100,-3,0,0,84,8,0
STU_209,0,5,9,0,120,0,0,1,0,114,-8,0,0,63,9,0
STU_210,0,125,0,0,38,5,0,4,0,-87,5,0,0,82,5,0
STU_211,0,195,0,2,1480,41,1,2,0,1284,40,0,1,838,41,0
STU_212,0,66,9,0,9,8,1,3,1,-57,0,0,0,38,9,0
STU_213,0,23,2,0,48,7,1,0,0,24,4,0,0,36,7,0
STU_214,0,114,8,0,69,2,0,4,0,-45,-6,0,0,92,8,0
STU_215,1,1058,35,0,167,8,1,2,1,-891,-26,0,0,612,35,0
STU_216,1,997,20,1,1026,101,0,1,1,29,81,1,0,1012,101,0
STU_217,0,124,0,0,151,6,1,3,0,26,5,0,0,138,6,0
STU_218,0,63,1,0,88,1,1,1,0,24,0,0,0,76,1,0
STU_219,0,108,2,2,466,81,1,3,1,357,78,0,1,287,81,0
STU_220,0,18,4,1,4390,103,2,0,0,4371,98,0,1,2204,103,0
STU_221,1,4546,3,2,3863,18,1,2,0,-683,15,1,1,4204,18,0
STU_222,0,145,9,0,172,9,1,1,1,26,0,0,0,159,9,0
STU_223,0,193,4,0,124,3,0,0,1,-69,-1,0,0,159,4,0
STU_224,0,52,5,0,163,8,1,0,1,110,3,0,0,108,8,0
STU_225,0,3,5,0,130,4,0,0,1,126,0,0,0,67,5,0
STU_226,0,109,5,1,1057,51,0,1,1,947,45,0,1,583,51,0
STU_227,0,141,5,0,46,6,2,1,0,-95,1,0,0,94,6,0
STU_228,2,532,5,2,6838,28,1,2,1,6306,23,1,0,3685,28,2
STU_229,1,2871,28,0,107,2,2,1,0,-2764,-25,0,0,1489,28,0
STU_230,0,52,0,1,646,4,1,1,0,593,3,0,1,349,4,0
STU_231,0,102,1,0,148,1,2,2,1,45,0,0,0,125,1,0
STU_232,1,1333,120,0,65,3,1,0,1,-1268,-116,0,0,699,120,0
STU_233,0,172,2,0,165,1,1,4,0,-7,0,0,0,169,2,0
STU_234,0,94,8,0,154,1,1,3,1,59,-7,0,0,124,8,0
STU_235,0,159,9,0,56,3,0,2,0,-103,-5,0,0,108,9,0
STU_236,1,1761,120,1,3851,35,1,2,0,2090,-85,1,0,2806,120,0
STU_237,0,154,9,0,24,7,0,3,0,-130,-1,0,0,89,9,0
STU_238,0,66,2,1,289,85,0,0,1,222,82,0,1,178,85,0
STU_239,1,2200,14,1,1279,55,1,0,1,-921,41,1,0,1740,55,0
STU_240,1,234,120,1,694,7,0,0,0,460,-113,1,0,464,120,0
STU_241,1,3995,4,1,4857,60,2,3,1,862,56,1,0,4426,60,0
STU_242,0,42,8,0,159,4,2,0,0,116,-4,0,0,101,8,0
STU_243,0,95,8,0,188,4,2,2,1,92,-4,0,0,142,8,0
STU_244,0,63,4,0,156,2,1,5,0,92,-2,0,0,110,4,0
STU_245,1,571,3,1,773,54,0,3,0,202,51,1,0,672,54,0
STU_246,0,193,0,0,49,5,2,1,1,-144,4,0,0,121,5,0
STU_247,0,32,0,0,105,5,1,0,0,72,4,0,0,69,5,0
STU_248,1,2883,4,1,4138,60,2,3,0,1255,56,1,0,3510,60,0
STU_249,0,196,4,0,162,3,2,2,1,-34,0,0,0,179,4,0
STU_250,0,3,9,0,77,7,2,0,1,73,-2,0,0,40,9,0
STU_251,0,139,0,0,167,5,0,0,0,27,4,0,0,153,5,0
STU_252,0,50,8,0,76,9,1,4,0,25,1,0,0,63,9,0
STU_253,0,8,4,0,165,3,2,2,0,156,0,0,0,87,4,0
STU_254,0,80,8,0,67,9,1,3,0,-13,0,0,0,74,9,0
STU_255,0,187,8,0,88,8,0,3,0,-99,0,0,0,138,8,0
STU_256,0,2,9,2,464,3,1,2,1,461,-6,0,1,233,9,0
STU_257,0,117,2,0,14,6,2,1,1,-103,3,0,0,66,6,0
STU_258,0,100,9,0,190,0,1,1,0,89,-8,0,0,145,9,0
STU_259,1,2109,27,0,115,9,1,1,0,-1994,-17,0,0,1112,27,0
STU_260,0,16,0,0,102,1,0,1,0,85,0,0,0,59,1,0
STU_261,0,136,4,0,168,5,1,3,0,31,1,0,0,152,5,0
STU_262,1,654,19,1,1565,31,2,2,1,911,12,1,0,1110,31,0
STU_263,0,133,4,1,133,6,0,3,0,0,1,0,1,133,6,0
STU_264,2,88,7,2,8000,1,1,1,0,7912,-6,1,0,4044,7,2
STU_265,1,5476,52,0,13,9,2,2,1,-5463,-42,0,0,2744,52,0
STU_266,0,8,2,1,3868,28,1,2,0,3859,25,0,1,1938,28,0
STU_267,2,4239,3,2,6481,66,1,2,1,2242,63,1,0,5360,66,2
STU_268,0,79,0,0,71,5,1,2,0,-8,5,0,0,75,5,0
STU_269,0,62,8,0,93,1,1,0,1,30,-7,0,0,78,8,0
STU_270,0,90,3,0,66,1,0,1,1,-24,-1,0,0,78,3,0
STU_271,0,76,5,0,81,7,2,0,1,4,2,0,0,79,7,0
STU_272,1,369,3,1,2090,28,2,1,1,1721,25,1,0,1230,28,0
STU_273,0,195,1,1,3599,33,2,1,0,3403,31,0,1,1897,33,0
STU_274,0,17,3,0,199,1,2,2,0,181,-2,0,0,108,3,0
STU_275,0,184,1,1,2882,94,1,4,1,2697,92,0,1,1533,94,0
STU_276,0,96,2,0,55,7,1,2,1,-41,5,0,0,76,7,0
STU_277,0,124,1,0,53,4,2,2,0,-71,2,0,0,89,4,0
STU_278,0,166,4,0,67,1,1,1,0,-99,-3,0,0,117,4,0
STU_279,1,1126,39,0,169,2,1,2,0,-957,-36,0,0,648,39,0
STU_280,0,86,5,0,5,3,2,0,0,-81,-2,0,0,46,5,0
STU_281,1,1319,23,0,46,0,2,1,0,-1273,-22,0,0,682,23,0
STU_282,0,74,6,1,765,19,1,1,1,690,12,0,1,420,19,0
STU_283,1,4586,8,2,2243,120,1,1,0,-2343,112,1,1,3414,120,2
STU_284,0,165,6,0,45,0,0,0,0,-120,-6,0,0,105,6,0
STU_285,0,21,4,0,44,4,1,0,1,22,0,0,0,33,4,0
STU_286,0,21,6,0,173,4,0,1,1,151,-2,0,0,97,6,0
STU_287,1,1291,51,2,729,109,1,5,1,-562,58,1,1,1010,109,2
STU_288,0,19,8,0,51,5,1,1,1,31,-3,0,0,35,8,0
STU_289,2,195,5,0,84,3,0,1,0,-111,-1,0,0,140,5,0
STU_290,0,28,2,0,167,4,1,0,1,138,1,0,0,98,4,0
STU_291,0,104,7,0,154,7,0,2,0,49,0,0,0,129,7,0
STU_292,0,1,0,0,163,1,0,1,0,161,1,0,0,82,1,0
STU_293,2,424,120,2,3184,43,2,0,1,2760,-77,1,0,1804,120,0
STU_294,0,135,0,1,1542,5,1,1,1,1406,4,0,1,839,5,0
STU_295,1,2082,10,0,65,3,0,0,0,-2017,-6,0,0,1074,10,0
STU_296,1,4084,78,0,31,7,1,0,0,-4053,-70,0,0,2058,78,0
STU_297,0,174,8,0,142,5,2,0,0,-32,-2,0,0,158,8,0
STU_298,0,71,0,1,5018,43,0,0,0,4946,42,0,1,2545,43,0
STU_299,0,9,5,0,171,6,1,0,0,161,1,0,0,90,6,0
STU_300,0,169,7,0,16,8,0,1,1,-153,0,0,0,93,8,0
STU_301,1,2191,101,1,2481,12,0,3,0,290,-89,1,0,2336,101,0
STU_302,0,164,6,0,59,6,1,2,1,-105,0,0,0,112,6,0
STU_303,0,25,0,0,131,8,1,1,1,105,7,0,0,78,8,0
STU_304,1,536,34,0,8,0,1,1,1,-528,-33,0,0,272,34,0
STU_305,0,51,4,0,122,5,1,4,1,70,0,0,0,87,5,0
STU_306,0,144,6,0,143,2,2,1,0,-1,-4,0,0,144,6,0
STU_307,0,181,1,0,74,0,1,0,0,-107,0,0,0,128,1,0
STU_308,0,47,1,0,43,5,1,2,1,-4,3,0,0,45,5,0
STU_309,0,181,2,0,108,7,2,0,1,-73,5,0,0,145,7,0
STU_310,1,1002,45,1,939,37,0,1,1,-63,-8,1,0,970,45,0
STU_311,0,195,2,0,65,6,1,1,0,-130,4,0,0,130,6,0
STU_312,0,56,3,1,3111,35,0,3,1,3054,31,0,1,1584,35,0
STU_313,0,190,6,0,56,4,0,1,0,-134,-2,0,0,123,6,0
STU_314,0,10,4,0,190,2,2,2,1,179,-1,0,0,100,4,0
STU_315,0,141,7,0,72,3,2,5,1,-69,-3,0,0,107,7,0
STU_316,2,1405,15,2,7657,17,1,0,0,6252,2,1,0,4531,17,0
STU_317,0,95,1,0,156,6,1,1,1,60,5,0,0,126,6,0
STU_318,0,44,0,0,140,1,0,1,0,95,0,0,0,92,1,0
STU_319,0,141,8,0,26,0,0,1,0,-115,-7,0,0,84,8,0
STU_320,0,38,0,0,197,6,0,1,0,158,5,0,0,118,6,0
STU_321,0,110,1,1,675,22,1,4,1,564,20,0,1,393,22,0
STU_322,0,50,0,1,2942,120,1,2,1,2891,119,0,1,1496,120,0
STU_323,0,191,6,2,6741,14,1,2,1,6549,7,0,1,3466,14,0
STU_324,0,5,5,0,180,4,0,1,0,174,-1,0,0,93,5,0
STU_325,0,39,9,1,1078,30,2,3,1,1038,20,0,1,559,30,0
STU_326,0,48,8,0,57,8,1,4,1,8,0,0,0,53,8,0
STU_327,2,533,96,0,24,7,1,3,0,-509,-88,0,0,278,96,0
STU_328,0,46,3,0,152,0,1,0,1,105,-3,0,0,99,3,0
STU_329,0,98,2,0,119,6,1,2,0,20,3,0,0,109,6,0
STU_330,0,174,1,1,1803,81,0,0,1,1628,79,0,1,989,81,0
STU_331,0,142,1,0,44,3,1,1,0,-98,1,0,0,93,3,0
STU_332,0,115,1,0,130,1,2,0,0,14,0,0,0,123,1,0
STU_333,0,17,1,0,153,7,0,2,0,135,6,0,0,85,7,0
STU_334,0,138,2,1,898,52,0,2,1,759,49,0,1,518,52,0
STU_335,0,33,3,0,160,6,0,0,0,126,3,0,0,97,6,0
STU_336,0,157,9,2,8000,120,0,1,0,7842,110,0,1,4079,120,2
STU_337,0,50,5,0,152,2,2,1,1,101,-3,0,0,101,5,0
STU_338,0,83,9,0,7,4,1,1,1,-76,-5,0,0,45,9,0
STU_339,0,70,3,0,110,6,1,0,0,39,2,0,0,90,6,0
STU_340,0,171,4,0,194,6,0,1,0,22,1,0,0,183,6,0
STU_341,0,25,3,0,196,7,1,2,0,170,4,0,0,111,7,0
STU_342,0,113,1,0,56,2,1,0,0,-57,1,0,0,85,2,0
STU_343,0,28,1,0,88,7,0,0,1,59,6,0,0,58,7,0
STU_344,1,1399,38,1,4201,37,1,1,1,2802,-1,1,0,2800,38,0
STU_345,0,181,9,0,175,6,1,4,1,-6,-3,0,0,178,9,0
STU_346,0,86,0,0,114,4,1,2,0,27,4,0,0,100,4,0
STU_347,0,97,1,0,77,9,1,2,1,-20,7,0,0,87,9,0
STU_348,2,84,98,0,23,1,0,1,1,-61,-96,0,0,54,98,0
STU_349,0,104,1,0,189,6,1,2,1,84,4,0,0,147,6,0
STU_350,0,97,3,0,106,5,1,0,1,8,2,0,0,102,5,0
STU_351,0,115,1,0,57,1,1,2,1,-58,0,0,0,86,1,0
STU_352,0,137,4,0,70,0,2,4,1,-67,-3,0,0,104,4,0
STU_353,0,21,2,0,54,7,1,2,0,32,5,0,0,38,7,0
STU_354,0,164,3,2,7402,120,0,3,1,7237,116,0,1,3783,120,2
STU_355,1,310,27,1,228,47,0,2,0,-82,20,1,0,269,47,0
STU_356,2,1511,15,2,5006,7,1,0,1,3495,-8,1,0,3258,15,0
STU_357,0,157,9,0,92,7,0,4,0,-65,-2,0,0,125,9,0
STU_358,0,75,3,0,165,2,1,0,1,89,0,0,0,120,3,0
STU_359,2,306,10,1,736,120,2,1,1,430,110,1,0,521,120,0
STU_360,0,126,8,1,342,14,1,0,0,215,5,0,1,234,14,0
STU_361,0,176,9,0,197,8,1,0,0,20,-1,0,0,187,9,0
STU_362,0,177,7,0,61,7,1,1,1,-116,0,0,0,119,7,0
STU_363,0,191,6,1,1110,89,1,1,1,918,82,0,1,651,89,0
STU_364,0,173,8,0,198,2,1,1,0,24,-6,0,0,186,8,0
STU_365,0,0,0,0,27,6,2,2,0,26,5,0,0,14,6,0
STU_366,0,76,4,0,152,0,1,0,1,75,-4,0,0,114,4,0
STU_367,0,163,9,0,187,0,2,0,0,23,-9,0,0,175,9,0
STU_368,0,73,7,0,102,7,2,2,0,28,0,0,0,88,7,0
STU_369,0,120,9,0,1,0,0,1,0,-119,-9,0,0,61,9,0
STU_370,1,169,64,0,75,5,0,2,0,-94,-58,0,0,122,64,0
STU_371,0,73,8,0,22,8,0,2,0,-51,0,0,0,48,8,0
STU_372,0,180,7,0,83,3,0,3,0,-97,-3,0,0,132,7,0
STU_373,2,1274,29,1,2114,24,0,2,0,840,-5,1,0,1694,29,0
STU_374,1,3018,12,1,8000,71,1,1,0,4982,59,1,0,5509,71,0
STU_375,0,199,9,0,86,9,0,2,0,-113,0,0,0,143,9,0
STU_376,0,98,8,0,111,7,1,1,0,12,-1,0,0,105,8,0
STU_377,0,35,8,0,116,5,2,1,0,80,-2,0,0,76,8,0
STU_378,1,363,44,1,1557,10,0,3,1,1194,-34,1,0,960,44,0
STU_379,2,4935,47,2,8000,120,2,1,0,3065,73,1,0,6468,120,2
STU_380,1,777,81,2,3278,120,0,3,0,2501,39,1,1,2028,120,2
STU_381,0,157,9,0,113,2,0,3,0,-44,-7,0,0,135,9,0
STU_382,0,141,5,0,60,8,1,3,0,-81,2,0,0,101,8,0
STU_383,0,50,2,0,59,4,1,4,1,8,1,0,0,55,4,0
STU_384,0,172,1,0,72,5,2,1,1,-100,3,0,0,122,5,0
STU_385,0,178,8,1,1186,8,1,1,1,1007,0,0,1,682,8,0
STU_386,0,38,8,0,46,7,2,2,1,7,0,0,0,42,8,0
STU_387,0,26,8,0,184,6,0,1,1,157,-1,0,0,105,8,0
STU_388,0,195,6,0,115,9,0,2,0,-80,2,0,0,155,9,0
STU_389,0,173,3,0,184,9,2,2,0,10,6,0,0,179,9,0
STU_390,0,178,3,0,9,9,2,2,0,-169,6,0,0,94,9,0
STU_391,0,177,0,0,69,8,2,1,0,-108,8,0,0,123,8,0
STU_392,0,108,8,0,5,7,1,0,0,-103,-1,0,0,57,8,0
STU_393,1,7096,38,1,3470,23,1,1,1,-3626,-15,1,0,5283,38,0
STU_394,0,109,6,0,172,1,2,0,0,62,-5,0,0,141,6,0
STU_395,2,6146,110,1,2762,24,1,3,1,-3384,-86,1,0,4454,110,0
STU_396,0,149,5,0,87,0,2,1,1,-62,-5,0,0,118,5,0
STU_397,0,101,9,0,24,1,2,0,0,-77,-7,0,0,63,9,0
STU_398,0,129,0,2,1941,1,1,0,0,1811,0,0,1,1035,1,0
STU_399,0,100,7,0,168,1,2,2,0,67,-6,0,0,134,7,0
STU_400,1,8000,9,2,3262,61,2,2,0,-4738,52,1,1,5631,61,2
STU_401,0,34,0,0,147,8,0,1,0,112,7,0,0,91,8,0
STU_402,1,8000,26,1,6275,2,2,0,0,-1725,-24,1,0,7138,26,0
STU_403,0,31,0,0,189,2,1,1,0,157,1,0,0,110,2,0
STU_404,1,2493,11,1,4228,9,2,1,0,1735,-2,1,0,3360,11,0
STU_405,0,194,5,1,142,13,1,2,1,-52,7,0,1,168,13,0
STU_406,1,757,3,2,640,18,2,2,1,-117,15,1,1,698,18,0
STU_407,0,53,0,0,184,9,1,1,1,130,9,0,0,119,9,0
STU_408,0,118,6,0,115,9,0,0,0,-3,3,0,0,117,9,0
STU_409,0,122,8,0,141,4,2,5,0,18,-3,0,0,132,8,0
STU_410,2,1204,120,2,3210,47,0,1,1,2006,-73,1,0,2207,120,0
STU_411,0,158,5,0,45,7,1,2,0,-113,2,0,0,102,7,0
STU_412,0,157,7,0,145,2,2,0,0,-12,-5,0,0,151,7,0
STU_413,1,1391,8,1,8000,77,2,1,1,6609,69,1,0,4696,77,2
STU_414,0,57,2,0,100,5,1,0,1,42,3,0,0,79,5,0
STU_415,0,187,6,0,125,7,1,1,0,-62,1,0,0,156,7,0
STU_416,0,165,6,0,42,2,1,4,0,-123,-3,0,0,104,6,0
STU_417,0,139,7,2,695,120,0,1,0,555,112,0,1,417,120,0
STU_418,1,1875,30,1,5185,36,1,0,0,3310,6,1,0,3530,36,0
STU_419,1,3171,53,1,4346,29,1,0,0,1175,-24,1,0,3758,53,0
STU_420,0,111,1,0,64,2,2,1,0,-47,0,0,0,88,2,0
STU_421,2,4886,120,2,7442,1,2,0,0,2556,-119,1,0,6164,120,0
STU_422,0,89,5,0,162,8,2,0,1,72,2,0,0,126,8,0
STU_423,0,120,6,0,119,7,0,2,1,-1,0,0,0,120,7,0
STU_424,0,65,0,0,110,7,1,1,1,44,6,0,0,88,7,0
STU_425,0,156,3,0,185,6,0,1,0,28,2,0,0,171,6,0
STU_426,0,168,7,0,107,2,1,4,0,-61,-5,0,0,138,7,0
STU_427,2,492,38,1,2474,33,1,0,0,1982,-5,1,0,1483,38,0
STU_428,1,8000,32,1,4900,33,2,4,0,-3100,1,1,0,6450,33,0
STU_429,0,20,5,0,14,7,1,1,0,-6,1,0,0,17,7,0
STU_430,0,167,0,0,1,2,0,3,1,-166,1,0,0,84,2,0
STU_431,0,30,9,0,183,6,0,2,1,152,-3,0,0,107,9,0
STU_432,2,5103,3,2,8000,45,2,3,0,2897,42,1,0,6552,45,2
STU_433,1,147,76,2,65,1,1,5,0,-82,-75,1,1,106,76,0
STU_434,0,94,8,0,169,5,0,1,1,74,-3,0,0,132,8,0
STU_435,1,4596,10,0,122,2,0,4,0,-4474,-7,0,0,2359,10,0
STU_436,0,72,3,0,122,0,1,1,0,49,-2,0,0,97,3,0
STU_437,0,57,7,0,59,4,0,1,0,1,-2,0,0,58,7,0
STU_438,0,100,4,0,167,5,2,1,1,66,1,0,0,134,5,0
STU_439,0,91,6,0,33,0,1,1,1,-58,-6,0,0,62,6,0
STU_440,0,68,3,0,11,4,0,0,0,-57,0,0,0,40,4,0
STU_441,0,138,3,0,38,2,0,2,1,-100,0,0,0,88,3,0
STU_442,0,151,4,0,54,0,2,1,1,-97,-3,0,0,103,4,0
STU_443,0,170,1,0,56,1,1,2,0,-114,0,0,0,113,1,0
STU_444,0,194,8,0,134,1,1,3,0,-60,-6,0,0,164,8,0
STU_445,0,53,3,0,44,1,2,1,0,-9,-1,0,0,49,3,0
STU_446,0,143,4,1,561,9,2,1,1,417,4,0,1,352,9,0
STU_447,2,4796,44,2,4504,12,2,1,0,-292,-32,1,0,4650,44,0
STU_448,0,135,4,1,2117,42,2,0,1,1981,37,0,1,1126,42,0
STU_449,0,95,5,1,533,120,1,0,0,437,114,0,1,314,120,0
STU_450,0,198,9,0,184,2,0,1,1,-14,-6,0,0,191,9,0
STU_451,1,3611,73,2,2552,21,2,1,0,-1059,-52,1,1,3082,73,0
STU_452,2,484,95,0,194,3,1,4,1,-290,-91,0,0,339,95,0
STU_453,0,166,4,0,130,1,1,2,1,-36,-3,0,0,148,4,0
STU_454,0,180,9,1,234,67,2,1,1,53,57,0,1,207,67,0
STU_455,1,4093,13,0,125,5,0,2,1,-3968,-7,0,0,2109,13,0
STU_456,0,91,3,2,912,56,1,0,0,820,52,0,1,502,56,0
STU_457,0,50,1,0,29,6,0,1,1,-21,4,0,0,40,6,0
STU_458,0,74,1,0,109,3,1,2,0,34,2,0,0,92,3,0
STU_459,0,4,7,0,77,0,0,1,0,72,-7,0,0,41,7,0
STU_460,0,104,7,0,89,6,0,1,0,-15,0,0,0,97,7,0
STU_461,0,101,9,0,105,7,0,5,0,3,-2,0,0,103,9,0
STU_462,0,105,7,1,4088,60,1,3,0,3982,52,0,1,2097,60,0
STU_463,2,1248,120,0,72,3,1,2,1,-1176,-116,0,0,660,120,0
STU_464,0,182,0,0,13,5,1,2,0,-169,4,0,0,98,5,0
STU_465,1,8000,12,0,196,3,2,2,1,-7804,-8,0,0,4098,12,0
STU_466,0,73,3,0,24,7,1,0,0,-49,3,0,0,49,7,0
STU_467,0,84,3,0,52,5,0,1,0,-32,2,0,0,68,5,0
STU_468,0,72,9,0,178,0,2,0,0,105,-8,0,0,125,9,0
STU_469,2,881,50,2,1674,26,0,1,1,793,-24,1,0,1278,50,0
STU_470,1,50,33,0,27,6,2,1,1,-23,-26,0,0,38,33,0
STU_471,0,114,8,0,77,3,0,0,1,-37,-5,0,0,96,8,0
STU_472,1,1068,40,1,7154,50,2,4,1,6086,10,1,0,4111,50,2
STU_473,0,161,0,0,40,8,0,4,0,-121,7,0,0,101,8,0
STU_474,2,1081,25,1,2493,32,2,2,0,1412,7,1,0,1787,32,0
STU_475,0,142,3,1,5882,59,1,1,1,5739,55,0,1,3012,59,0
STU_476,1,3937,15,0,161,4,2,3,0,-3776,-10,0,0,2049,15,0
STU_477,0,58,9,0,117,7,0,0,0,58,-1,0,0,88,9,0
STU_478,0,10,9,0,121,8,1,3,0,110,-1,0,0,66,9,0
STU_479,0,97,2,0,40,5,2,0,1,-57,2,0,0,69,5,0
STU_480,0,71,2,0,69,3,1,3,1,-2,1,0,0,70,3,0
STU_481,0,50,0,0,169,9,1,1,0,118,8,0,0,110,9,0
STU_482,0,138,5,1,8000,18,1,3,0,7861,12,0,1,4069,18,0
STU_483,0,153,0,0,172,2,1,4,1,18,2,0,0,163,2,0
STU_484,0,48,4,0,97,3,1,0,1,48,0,0,0,73,4,0
STU_485,0,9,0,0,167,8,1,1,0,157,7,0,0,88,8,0
STU_486,0,169,4,0,64,9,2,5,1,-105,5,0,0,117,9,0
STU_487,2,242,31,2,677,120,0,1,0,435,89,1,0,460,120,0
STU_488,0,187,8,0,150,8,0,3,0,-37,0,0,0,169,8,0
STU_489,0,125,2,2,8000,99,2,2,1,7874,96,0,1,4063,99,2
STU_490,0,64,3,0,46,9,2,1,1,-18,6,0,0,55,9,0
STU_491,0,49,8,0,195,5,1,1,0,145,-2,0,0,122,8,0
STU_492,0,1,7,0,17,0,1,0,1,15,-7,0,0,9,7,0
STU_493,0,47,2,0,14,0,0,2,1,-33,-1,0,0,31,2,0
STU_494,0,27,0,0,119,1,0,1,1,91,0,0,0,73,1,0
STU_495,2,814,5,0,145,1,1,1,1,-669,-3,0,0,480,5,0
STU_496,0,33,3,0,192,7,1,1,1,158,3,0,0,113,7,0
STU_497,0,105,7,0,81,2,1,2,0,-24,-5,0,0,93,7,0
STU_498,0,118,4,0,5,9,0,3,0,-113,5,0,0,62,9,0
STU_499,0,59,3,0,121,6,2,5,0,61,2,0,0,90,6,0
STU_500,1,1226,64,2,1395,25,2,1,0,169,-39,1,1,1310,64,0
STU_501,0,7,7,0,87,2,1,3,1,79,-5,0,0,47,7,0
STU_502,0,5,9,0,98,8,1,2,0,92,0,0,0,52,9,0
STU_503,0,147,0,0,13,6,1,2,0,-134,6,0,0,80,6,0
STU_504,0,63,5,0,97,8,2,4,0,33,3,0,0,80,8,0
STU_505,0,159,0,0,85,9,1,0,0,-74,9,0,0,122,9,0
STU_506,1,1865,120,0,143,1,0,0,0,-1722,-118,0,0,1004,120,0
STU_507,1,1,38,1,2883,38,2,3,1,2882,0,1,0,1442,38,0
STU_508,1,2925,110,0,37,8,2,1,0,-2888,-101,0,0,1481,110,0
STU_509,1,7987,8,0,41,8,2,3,1,-7946,0,0,0,4014,8,0
STU_510,0,54,6,0,50,5,1,3,1,-4,0,0,0,52,6,0
STU_511,0,24,9,1,1969,21,1,0,0,1944,11,0,1,997,21,0
STU_512,1,2339,120,1,2482,16,1,3,0,143,-104,1,0,2410,120,0
STU_513,1,4022,6,1,8000,120,2,1,0,3978,114,1,0,6011,120,2
STU_514,1,3757,25,1,8000,63,2,1,1,4243,38,1,0,5878,63,2
STU_515,0,129,3,1,2739,23,0,2,1,2609,19,0,1,1434,23,0
STU_516,0,98,1,0,82,2,0,4,0,-16,0,0,0,90,2,0
STU_517,1,6923,22,1,5921,15,1,0,0,-1002,-7,1,0,6422,22,0
STU_518,0,108,4,1,1825,54,2,1,1,1716,49,0,1,967,54,0
STU_519,2,3521,35,2,3124,16,2,2,0,-397,-19,1,0,3322,35,0
STU_520,0,141,4,0,99,9,0,2,0,-42,5,0,0,120,9,0
STU_521,0,106,7,0,58,8,1,2,1,-48,0,0,0,82,8,0
STU_522,0,135,9,1,1006,4,1,0,1,870,-5,0,1,571,9,0
STU_523,1,550,37,2,4222,20,2,1,1,3672,-17,1,1,2386,37,2
STU_524,0,86,2,0,153,9,2,1,1,66,7,0,0,120,9,0
STU_525,0,82,4,0,164,9,2,3,1,81,4,0,0,123,9,0
STU_526,2,90,56,2,8000,5,1,1,0,7910,-51,1,0,4045,56,2
STU_527,0,116,3,0,195,2,1,0,1,78,-1,0,0,156,3,0
STU_528,1,2145,0,1,1194,44,0,4,1,-951,44,1,0,1670,44,0
STU_529,0,178,8,0,187,1,0,0,1,8,-6,0,0,183,8,0
STU_530,1,3252,7,2,8000,89,2,5,0,4748,82,1,1,5626,89,2
STU_531,0,149,5,0,49,4,2,2,0,-100,0,0,0,99,5,0
STU_532,1,59,37,1,931,31,2,3,0,872,-6,1,0,495,37,0
STU_533,1,2627,2,0,84,4,2,1,0,-2543,2,0,0,1356,4,0
STU_534,0,10,4,0,41,6,1,0,0,30,1,0,0,26,6,0
STU_535,0,119,7,0,85,0,2,2,1,-34,-7,0,0,102,7,0
STU_536,0,85,1,0,133,2,2,3,1,47,0,0,0,109,2,0
STU_537,0,66,6,0,14,4,2,2,0,-52,-1,0,0,40,6,0
STU_538,1,3084,45,0,67,6,0,0,1,-3017,-38,0,0,1576,45,0
STU_539,0,112,8,0,4,1,1,2,0,-108,-6,0,0,58,8,0
STU_540,0,95,3,1,2085,0,0,2,0,1989,-3,0,1,1090,3,0
STU_541,0,20,3,0,128,3,2,2,0,107,0,0,0,74,3,0
STU_542,1,2487,19,1,8000,9,1,2,0,5513,-10,1,0,5244,19,0
STU_543,2,4110,120,2,3601,38,0,3,0,-509,-82,1,0,3856,120,0
STU_544,0,153,2,0,5,6,1,2,0,-148,3,0,0,79,6,0
STU_545,0,181,4,0,118,2,1,0,0,-63,-1,0,0,150,4,0
STU_546,0,81,3,0,155,7,1,1,1,73,4,0,0,118,7,0
STU_547,0,190,5,2,1765,120,0,0,0,1574,114,0,1,978,120,0
STU_548,0,173,5,0,7,6,1,1,1,-166,0,0,0,90,6,0
STU_549,0,59,5,0,181,9,1,1,1,121,3,0,0,120,9,0
STU_550,0,31,6,0,184,0,2,0,1,152,-6,0,0,108,6,0
STU_551,0,87,3,0,112,0,1,1,1,24,-2,0,0,100,3,0
STU_552,0,80,1,0,96,7,2,0,0,15,6,0,0,88,7,0
STU_553,0,115,7,0,9,6,1,3,0,-106,-1,0,0,62,7,0
STU_554,0,116,8,2,3002,44,1,4,1,2885,35,0,1,1559,44,0
STU_555,1,1678,33,2,3581,105,2,0,0,1903,72,1,1,2630,105,2
STU_556,0,101,4,0,155,0,1,4,1,53,-3,0,0,128,4,0
STU_557,0,20,4,0,81,1,0,1,1,60,-3,0,0,51,4,0
STU_558,0,171,5,0,137,4,0,1,1,-34,-1,0,0,154,5,0
STU_559,1,4769,75,2,8000,36,2,0,1,3231,-39,1,1,6384,75,2
STU_560,2,6976,55,2,8000,38,1,1,1,1024,-17,1,0,7488,55,2
STU_561,0,23,7,0,28,5,1,3,1,4,-1,0,0,26,7,0
STU_562,0,191,0,0,9,8,0,2,0,-182,8,0,0,100,8,0
STU_563,0,18,4,0,108,3,0,0,1,89,-1,0,0,63,4,0
STU_564,0,46,8,0,159,7,0,0,0,112,-1,0,0,103,8,0
STU_565,0,9,4,1,373,28,1,1,0,363,23,0,1,191,28,0
STU_566,0,141,1,1,5315,49,1,1,1,5173,47,0,1,2728,49,0
STU_567,0,170,9,0,136,3,1,0,0,-34,-6,0,0,153,9,0
STU_568,0,86,8,0,68,9,1,1,0,-18,0,0,0,77,9,0
STU_569,0,185,7,2,6845,5,2,3,0,6659,-2,0,1,3515,7,2
STU_570,0,118,4,0,63,2,1,4,1,-55,-1,0,0,91,4,0
STU_571,0,126,1,0,142,0,1,1,0,15,-1,0,0,134,1,0
STU_572,0,169,9,0,32,2,2,4,1,-137,-6,0,0,101,9,0
STU_573,0,59,5,1,367,27,1,1,0,307,21,0,1,213,27,0
STU_574,1,694,5,1,3498,38,1,1,1,2804,33,1,0,2096,38,0
STU_575,0,181,3,0,188,6,2,0,1,6,2,0,0,185,6,0
STU_576,0,180,3,2,7848,24,2,2,0,7667,20,0,1,4014,24,2
STU_577,1,1597,1,1,2510,14,0,5,0,913,13,1,0,2054,14,0
STU_578,0,180,5,1,2231,42,2,2,0,2050,36,0,1,1206,42,0
STU_579,0,25,1,0,99,0,1,1,1,73,0,0,0,62,1,0
STU_580,0,164,2,0,144,0,0,2,1,-20,-1,0,0,154,2,0
STU_581,1,698,57,1,1241,31,1,0,1,543,-26,1,0,970,57,0
STU_582,2,8000,120,2,8000,92,2,3,0,0,-28,1,0,8000,120,2
STU_583,0,94,4,0,67,3,1,1,1,-27,0,0,0,81,4,0
STU_584,0,110,4,1,4407,53,1,1,1,4296,48,0,1,2259,53,0
STU_585,0,105,7,0,90,2,1,2,1,-15,-5,0,0,98,7,0
STU_586,0,64,3,1,327,39,0,2,1,262,35,0,1,196,39,0
STU_587,0,15,9,0,69,3,0,0,0,53,-6,0,0,42,9,0
STU_588,0,179,1,0,75,0,0,2,0,-104,-1,0,0,127,1,0
STU_589,0,160,5,0,172,5,0,0,1,11,0,0,0,166,5,0
STU_590,1,1568,44,0,103,8,0,2,1,-1465,-35,0,0,836,44,0
STU_591,0,155,7,0,107,4,0,3,1,-48,-3,0,0,131,7,0
STU_592,0,125,9,1,673,120,1,3,0,547,110,0,1,399,120,0
STU_593,0,81,8,0,98,9,0,2,0,16,0,0,0,90,9,0
STU_594,1,5273,19,1,6046,9,1,1,0,773,-10,1,0,5660,19,0
STU_595,0,171,4,0,17,1,2,0,0,-154,-2,0,0,94,4,0
STU_596,0,140,8,0,36,7,1,3,1,-104,-1,0,0,88,8,0
STU_597,0,109,9,0,81,5,1,1,1,-28,-4,0,0,95,9,0
STU_598,0,121,9,0,99,7,0,1,0,-22,-2,0,0,110,9,0
STU_599,1,1037,28,1,2322,45,0,1,0,1285,17,1,0,1680,45,0
STU_600,0,94,9,0,194,1,0,0,0,99,-8,0,0,144,9,0
STU_601,0,38,1,0,170,5,0,2,0,131,4,0,0,104,5,0
STU_602,0,41,2,0,63,4,0,0,1,21,2,0,0,52,4,0
STU_603,0,132,0,0,193,5,0,2,1,60,4,0,0,163,5,0
STU_604,1,237,17,2,3013,95,0,1,0,2776,78,1,1,1625,95,2
STU_605,0,80,7,0,79,8,0,0,1,-1,1,0,0,80,8,0
STU_606,0,41,8,0,140,4,1,1,1,98,-3,0,0,91,8,0
STU_607,0,129,7,0,3,4,0,0,1,-126,-3,0,0,66,7,0
STU_608,0,174,6,2,836,120,1,1,0,661,113,0,1,505,120,0
STU_609,2,4048,120,1,8000,31,1,2,1,3952,-89,1,0,6024,120,0
STU_610,0,173,7,0,129,9,1,0,0,-44,2,0,0,151,9,0
STU_611,1,764,11,0,73,6,0,3,0,-691,-4,0,0,418,11,0
STU_612,1,7804,1,1,3967,43,2,0,0,-3837,42,1,0,5886,43,0
STU_613,0,28,6,0,181,5,1,0,0,152,-1,0,0,105,6,0
STU_614,0,69,6,0,126,6,0,2,0,56,0,0,0,98,6,0
STU_615,0,77,5,0,80,6,2,1,0,2,1,0,0,79,6,0
STU_616,0,102,8,0,24,5,2,0,0,-78,-2,0,0,63,8,0
STU_617,0,185,2,0,59,1,0,1,1,-126,0,0,0,122,2,0
STU_618,0,174,3,0,196,0,0,1,1,21,-3,0,0,185,3,0
STU_619,0,26,7,0,87,3,2,3,0,60,-4,0,0,57,7,0
STU_620,0,34,4,2,1107,19,1,1,1,1072,14,0,1,571,19,0
STU_621,0,71,8,0,100,0,0,3,1,28,-8,0,0,86,8,0
STU_622,0,58,3,1,1553,99,0,3,1,1494,95,0,1,806,99,0
STU_623,0,122,3,0,121,3,1,1,0,-1,0,0,0,122,3,0
STU_624,0,180,8,1,1663,3,1,4,1,1482,-5,0,1,922,8,0
STU_625,1,46,13,1,8000,3,1,1,1,7954,-10,1,0,4023,13,0
STU_626,0,130,5,0,6,0,1,4,1,-124,-4,0,0,68,5,0
STU_627,1,719,16,1,580,36,1,0,0,-139,20,1,0,650,36,0
STU_628,0,105,2,0,190,1,1,2,0,84,0,0,0,148,2,0
STU_629,0,41,6,0,190,9,0,1,1,148,2,0,0,116,9,0
STU_630,0,104,1,0,189,0,0,1,0,84,-1,0,0,147,1,0
STU_631,0,111,8,0,163,4,1,2,0,51,-4,0,0,137,8,0
STU_632,0,148,7,0,137,9,2,2,0,-11,1,0,0,143,9,0
STU_633,0,43,1,0,169,3,1,0,1,125,1,0,0,106,3,0
STU_634,0,73,6,0,120,0,1,0,1,46,-6,0,0,97,6,0
STU_635,0,72,6,0,27,3,0,2,0,-45,-2,0,0,50,6,0
STU_636,0,191,1,0,78,4,1,2,1,-113,3,0,0,135,4,0
STU_637,1,3573,45,2,5827,86,1,4,0,2254,41,1,1,4700,86,2
STU_638,0,151,4,0,70,4,0,2,1,-81,0,0,0,111,4,0
STU_639,0,150,6,0,174,8,0,4,1,23,1,0,0,162,8,0
STU_640,0,53,6,1,4463,4,1,2,1,4409,-2,0,1,2258,6,0
STU_641,1,2477,18,1,4009,21,0,1,1,1532,3,1,0,3243,21,0
STU_642,1,1227,40,0,70,1,1,0,0,-1157,-38,0,0,648,40,0
STU_643,0,95,7,1,1063,8,0,3,1,967,0,0,1,579,8,0
STU_644,1,683,120,1,1471,1,1,2,0,788,-119,1,0,1077,120,0
STU_645,0,42,7,0,39,3,0,0,1,-3,-4,0,0,41,7,0
STU_646,0,14,3,2,4366,1,2,1,1,4351,-2,0,1,2190,3,0
STU_647,1,1286,6,2,1774,120,1,4,1,488,114,1,1,1530,120,2
STU_648,1,212,8,0,60,1,1,1,0,-152,-6,0,0,136,8,0
STU_649,0,198,8,0,2,6,2,1,1,-196,-1,0,0,100,8,0
STU_650,1,533,87,0,139,1,1,1,0,-394,-85,0,0,336,87,0
STU_651,0,187,2,0,124,2,0,0,0,-63,0,0,0,156,2,0
STU_652,1,1180,7,0,129,1,1,1,1,-1051,-5,0,0,654,7,0
STU_653,0,168,3,0,75,1,1,1,0,-93,-1,0,0,122,3,0
STU_654,0,113,6,1,3742,68,1,0,1,3628,61,0,1,1928,68,0
STU_655,0,76,4,1,3859,46,1,2,0,3782,41,0,1,1968,46,0
STU_656,0,186,8,0,162,1,0,1,0,-24,-6,0,0,174,8,0
STU_657,0,86,6,0,28,9,0,3,1,-58,3,0,0,57,9,0
STU_658,0,107,6,0,97,4,1,3,0,-10,-2,0,0,102,6,0
STU_659,0,89,2,0,50,0,1,0,0,-39,-1,0,0,70,2,0
STU_660,0,112,9,0,34,1,1,2,1,-78,-8,0,0,73,9,0
STU_661,0,94,8,0,147,5,1,1,0,52,-2,0,0,121,8,0
STU_662,0,9,7,0,108,9,2,3,1,98,1,0,0,59,9,0
STU_663,0,176,3,1,1280,47,1,0,0,1103,43,0,1,728,47,0
STU_664,0,88,5,0,62,9,0,2,1,-26,4,0,0,75,9,0
STU_665,1,1140,21,0,193,4,0,2,1,-947,-16,0,0,666,21,0
STU_666,1,1155,15,0,170,4,0,1,1,-985,-10,0,0,662,15,0
STU_667,0,0,1,0,176,5,0,0,0,175,3,0,0,88,5,0
STU_668,0,49,5,1,8000,75,0,2,1,7950,69,0,1,4025,75,0
STU_669,0,140,6,0,125,3,0,2,1,-15,-2,0,0,133,6,0
STU_670,0,19,3,0,75,8,0,1,1,55,4,0,0,47,8,0
STU_671,0,181,4,0,16,0,0,2,0,-165,-4,0,0,99,4,0
STU_672,1,471,3,0,80,4,2,1,1,-391,1,0,0,276,4,0
STU_673,0,40,1,2,1723,21,0,2,1,1682,19,0,1,882,21,0
STU_674,0,36,7,0,57,6,1,0,0,20,-1,0,0,47,7,0
STU_675,0,2,1,0,170,2,1,3,0,167,1,0,0,86,2,0
STU_676,1,1270,49,1,3066,24,2,1,1,1796,-25,1,0,2168,49,0
STU_677,0,175,1,0,73,4,0,1,0,-102,2,0,0,124,4,0
STU_678,0,122,7,0,25,6,1,0,1,-97,0,0,0,74,7,0
STU_679,0,37,4,0,81,7,2,0,1,43,3,0,0,59,7,0
STU_680,0,57,8,0,8,7,2,1,1,-49,-1,0,0,33,8,0
STU_681,0,95,5,1,704,72,2,1,0,608,66,0,1,400,72,0
STU_682,0,190,0,0,80,9,0,3,0,-110,9,0,0,135,9,0
STU_683,1,274,18,0,96,8,0,0,1,-178,-9,0,0,185,18,0
STU_684,0,146,1,1,240,10,1,1,0,93,8,0,1,193,10,0
STU_685,0,87,7,0,55,1,2,1,1,-32,-5,0,0,71,7,0
STU_686,0,59,1,0,105,3,1,0,0,45,1,0,0,82,3,0
STU_687,0,91,3,0,102,4,1,0,0,10,1,0,0,97,4,0
STU_688,0,14,7,0,63,8,0,1,0,48,0,0,0,39,8,0
STU_689,0,159,9,0,166,7,2,1,0,6,-1,0,0,163,9,0
STU_690,0,48,3,0,109,8,0,1,1,60,4,0,0,79,8,0
STU_691,1,1239,31,1,2491,50,1,1,0,1252,19,1,0,1865,50,0
STU_692,0,13,1,0,189,5,1,2,0,175,4,0,0,101,5,0
STU_693,0,191,8,1,2880,54,1,0,0,2688,45,0,1,1536,54,0
STU_694,1,17,59,0,197,1,0,1,0,180,-57,0,0,107,59,0
STU_695,0,176,1,1,991,48,0,4,0,814,46,0,1,584,48,0
STU_696,0,161,3,0,76,1,1,1,1,-85,-1,0,0,119,3,0
STU_697,0,193,1,0,56,6,0,2,0,-137,5,0,0,125,6,0
STU_698,0,95,3,0,133,6,1,1,0,37,2,0,0,114,6,0
STU_699,1,899,96,1,837,18,0,3,0,-62,-78,1,0,868,96,0
STU_700,0,74,6,0,125,1,1,3,1,50,-5,0,0,100,6,0
STU_701,0,36,9,1,1112,3,1,1,0,1075,-6,0,1,574,9,0
STU_702,0,88,0,0,66,9,0,5,0,-22,9,0,0,77,9,0
STU_703,0,33,5,0,81,8,1,0,1,47,3,0,0,57,8,0
STU_704,0,196,5,0,181,7,0,0,1,-15,1,0,0,189,7,0
STU_705,0,19,9,0,151,6,0,3,0,131,-2,0,0,85,9,0
STU_706,1,2264,73,0,196,4,2,3,0,-2068,-68,0,0,1230,73,0
STU_707,1,3022,7,2,3082,51,1,0,1,60,44,1,1,3052,51,0
STU_708,0,107,4,2,8000,29,2,1,0,7892,24,0,1,4054,29,2
STU_709,0,132,2,0,106,6,0,0,1,-26,3,0,0,119,6,0
STU_710,1,2851,14,1,2681,10,1,1,1,-170,-4,1,0,2766,14,0
STU_711,0,111,4,0,110,4,2,3,0,-1,0,0,0,111,4,0
STU_712,0,57,0,0,51,1,1,1,0,-6,0,0,0,54,1,0
STU_713,0,188,5,0,87,5,1,1,0,-101,0,0,0,138,5,0
STU_714,1,1233,28,2,7918,120,1,1,1,6685,92,1,1,4576,120,2
STU_715,1,4877,5,2,2310,4,1,0,0,-2567,-1,1,1,3594,5,0
STU_716,0,7,1,1,4533,3,2,1,0,4525,1,0,1,2270,3,0
STU_717,0,57,9,0,22,3,2,2,1,-35,-5,0,0,40,9,0
STU_718,0,39,8,0,81,8,2,5,1,41,0,0,0,60,8,0
STU_719,0,2,1,0,161,5,0,3,0,158,3,0,0,82,5,0
STU_720,0,48,3,0,94,0,1,0,1,45,-3,0,0,71,3,0
STU_721,1,1212,29,0,168,4,2,3,0,-1044,-24,0,0,690,29,0
STU_722,0,46,0,0,68,2,0,3,0,21,1,0,0,57,2,0
STU_723,1,351,82,1,6499,27,0,3,0,6148,-55,1,0,3425,82,0
STU_724,0,177,2,0,42,4,1,1,0,-135,1,0,0,110,4,0
STU_725,0,138,9,0,8,9,1,1,0,-130,0,0,0,73,9,0
STU_726,0,78,8,1,1232,61,2,1,0,1153,52,0,1,655,61,0
STU_727,0,74,5,0,150,6,0,0,1,75,1,0,0,112,6,0
STU_728,0,91,5,0,46,8,2,0,1,-45,3,0,0,69,8,0
STU_729,2,1109,53,2,1144,22,0,0,1,35,-31,1,0,1126,53,0
STU_730,1,472,13,1,1301,5,0,1,0,829,-8,1,0,886,13,0
STU_731,0,72,9,0,190,5,0,2,0,117,-4,0,0,131,9,0
STU_732,0,170,1,0,101,0,2,1,0,-69,0,0,0,136,1,0
STU_733,2,1150,62,1,2849,22,1,0,1,1699,-40,1,0,2000,62,0
STU_734,0,122,6,0,90,1,1,4,1,-32,-5,0,0,106,6,0
STU_735,0,72,5,1,1730,47,1,4,0,1657,41,0,1,901,47,0
STU_736,0,41,0,1,7978,1,2,3,0,7936,0,0,1,4010,1,0
STU_737,2,1965,17,2,3482,51,1,5,0,1517,34,1,0,2724,51,0
STU_738,0,97,8,0,7,5,2,1,0,-90,-3,0,0,52,8,0
STU_739,0,44,8,1,6192,0,1,4,0,6147,-8,0,1,3118,8,0
STU_740,2,3538,86,2,3602,120,1,0,1,64,34,1,0,3570,120,2
STU_741,0,33,8,0,173,2,1,1,1,139,-6,0,0,103,8,0
STU_742,0,155,5,1,995,4,1,0,0,839,-1,0,1,575,5,0
STU_743,0,45,8,1,2712,38,1,0,0,2666,29,0,1,1379,38,0
STU_744,1,123,7,2,8000,59,1,0,1,7877,52,1,1,4062,59,2
STU_745,0,90,1,0,129,6,0,2,0,38,5,0,0,110,6,0
STU_746,2,4047,18,2,8000,34,2,3,0,3953,16,1,0,6024,34,2
STU_747,0,175,4,1,10,76,1,2,0,-165,71,0,1,93,76,0
STU_748,0,173,5,0,37,7,1,0,0,-136,2,0,0,105,7,0
STU_749,2,760,12,2,1501,32,2,3,0,741,20,1,0,1130,32,0
STU_750,0,3,9,0,94,9,1,2,1,90,0,0,0,49,9,0
STU_751,0,85,2,1,82,52,0,1,0,-3,49,0,1,84,52,0
STU_752,0,121,1,0,112,3,2,2,0,-9,1,0,0,117,3,0
STU_753,0,111,5,0,58,3,1,1,1,-53,-1,0,0,85,5,0
STU_754,0,130,5,0,149,1,1,1,0,18,-3,0,0,140,5,0
STU_755,0,30,4,0,101,7,0,4,1,70,2,0,0,66,7,0
STU_756,0,129,7,0,32,7,2,1,1,-97,0,0,0,81,7,0
STU_757,1,581,16,1,864,49,1,1,0,283,33,1,0,722,49,0
STU_758,0,150,6,1,803,120,1,3,1,652,113,0,1,477,120,0
STU_759,2,1357,15,2,6270,0,2,2,0,4913,-15,1,0,3814,15,2
STU_760,0,141,0,0,117,9,2,0,1,-24,8,0,0,129,9,0
STU_761,0,9,5,0,75,2,0,0,0,65,-3,0,0,42,5,0
STU_762,0,81,8,1,691,87,1,0,1,609,78,0,1,386,87,0
STU_763,0,141,0,0,94,2,0,2,1,-47,2,0,0,118,2,0
STU_764,0,45,4,0,150,4,1,1,0,104,0,0,0,98,4,0
STU_765,1,253,50,2,6212,120,0,0,0,5959,70,1,1,3232,120,2
STU_766,1,3615,28,0,47,8,1,4,1,-3568,-19,0,0,1831,28,0
STU_767,2,8000,62,2,8000,0,2,1,1,0,-62,1,0,8000,62,2
STU_768,0,70,9,0,164,6,2,0,0,93,-2,0,0,117,9,0
STU_769,1,1127,12,1,3460,28,1,1,1,2333,16,1,0,2294,28,0
STU_770,0,119,0,0,27,9,2,2,0,-92,9,0,0,73,9,0
STU_771,0,94,8,1,1434,21,0,0,0,1339,12,0,1,764,21,0
STU_772,1,985,33,2,8000,32,2,1,0,7015,-1,1,1,4492,33,2
STU_773,0,86,4,0,123,5,0,3,0,36,0,0,0,105,5,0
STU_774,0,40,5,0,23,1,1,1,1,-17,-3,0,0,32,5,0
STU_775,0,42,8,0,169,0,2,1,0,126,-7,0,0,106,8,0
STU_776,0,1,7,0,199,6,0,1,1,197,0,0,0,100,7,0
STU_777,0,60,2,0,73,7,0,0,0,12,4,0,0,67,7,0
STU_778,0,149,0,1,3772,21,1,0,0,3622,20,0,1,1961,21,0
STU_779,2,5870,90,1,6421,50,1,1,0,551,-40,1,0,6146,90,0
STU_780,0,40,8,0,187,5,1,0,0,146,-3,0,0,114,8,0
STU_781,0,191,8,0,179,6,1,0,0,-12,-2,0,0,185,8,0
STU_782,0,100,9,0,12,5,1,3,0,-88,-3,0,0,56,9,0
STU_783,0,183,8,0,34,6,0,5,1,-149,-2,0,0,109,8,0
STU_784,0,141,5,0,151,1,1,3,0,9,-3,0,0,146,5,0
STU_785,0,144,4,0,138,2,0,3,0,-6,-1,0,0,141,4,0
STU_786,1,2059,56,1,4642,11,2,0,0,2583,-45,1,0,3350,56,0
STU_787,2,2712,2,1,1473,36,1,4,1,-1239,34,1,0,2092,36,0
STU_788,1,2922,120,1,7984,108,1,0,1,5062,-12,1,0,5453,120,2
STU_789,1,204,21,2,8000,72,1,4,0,7796,51,1,1,4102,72,2
STU_790,0,68,9,2,3681,120,2,5,0,3612,110,0,1,1875,120,2
STU_791,1,3192,12,1,2711,54,0,2,0,-481,42,1,0,2952,54,0
STU_792,0,67,3,0,156,2,1,5,1,88,-1,0,0,112,3,0
STU_793,0,163,6,2,5940,33,1,2,0,5776,26,0,1,3052,33,0
STU_794,0,26,6,0,63,4,1,1,0,36,-2,0,0,45,6,0
STU_795,0,34,2,0,144,7,0,1,0,109,4,0,0,89,7,0
STU_796,0,68,8,0,156,4,2,2,0,87,-4,0,0,112,8,0
STU_797,2,848,109,0,187,8,2,0,0,-661,-100,0,0,518,109,0
STU_798,0,69,1,0,74,9,1,2,1,4,7,0,0,72,9,0
STU_799,0,152,4,0,137,6,1,5,0,-15,2,0,0,145,6,0
STU_800,0,19,7,1,8000,12,2,0,1,7980,4,0,1,4010,12,0
STU_801,0,70,9,0,105,5,1,3,0,34,-4,0,0,88,9,0
STU_802,0,167,8,0,178,9,0,4,0,10,1,0,0,173,9,0
STU_803,0,13,9,1,1391,26,1,4,1,1377,16,0,1,702,26,0
STU_804,0,188,1,1,1369,40,1,4,0,1180,38,0,1,779,40,0
STU_805,0,197,0,1,729,86,1,1,1,531,85,0,1,463,86,0
STU_806,1,4083,61,2,8000,49,1,5,0,3917,-12,1,1,6042,61,2
STU_807,0,58,2,0,182,5,2,2,0,123,2,0,0,120,5,0
STU_808,0,74,8,2,1919,21,2,0,1,1844,12,0,1,997,21,0
STU_809,0,155,6,0,96,3,1,1,0,-59,-3,0,0,126,6,0
STU_810,0,119,9,0,163,8,0,2,1,43,0,0,0,141,9,0
STU_811,1,732,12,1,3806,21,2,0,0,3074,9,1,0,2269,21,0
STU_812,0,151,4,0,112,5,2,2,1,-39,1,0,0,132,5,0
STU_813,0,23,5,1,461,3,0,2,0,437,-2,0,1,242,5,0
STU_814,1,1371,2,0,73,3,2,0,0,-1298,1,0,0,722,3,0
STU_815,0,141,5,0,28,8,2,2,1,-113,2,0,0,85,8,0
STU_816,0,115,4,0,138,8,1,3,1,22,4,0,0,127,8,0
STU_817,0,177,4,0,96,5,1,1,1,-81,1,0,0,137,5,0
STU_818,2,1750,120,0,60,2,1,0,1,-1690,-117,0,0,905,120,0
STU_819,1,1214,19,1,889,25,0,0,1,-325,6,1,0,1052,25,0
STU_820,0,85,5,1,280,83,1,1,0,194,77,0,1,183,83,0
STU_821,0,98,3,0,185,3,2,4,0,86,0,0,0,142,3,0
STU_822,0,11,0,0,11,1,0,0,0,0,1,0,0,11,1,0
STU_823,2,539,10,1,1680,32,1,2,0,1141,22,1,0,1110,32,0
STU_824,2,297,59,0,102,3,1,0,0,-195,-55,0,0,200,59,0
STU_825,0,139,3,0,124,6,1,1,0,-15,2,0,0,132,6,0
STU_826,1,1159,8,0,61,3,2,3,0,-1098,-4,0,0,610,8,0
STU_827,0,5,5,0,193,4,1,2,1,187,0,0,0,99,5,0
STU_828,0,184,6,0,56,0,1,0,0,-128,-6,0,0,120,6,0
STU_829,0,170,6,0,118,9,1,1,0,-52,3,0,0,144,9,0
STU_830,0,104,8,0,199,5,1,0,0,94,-2,0,0,152,8,0
STU_831,2,1059,27,2,6682,95,0,1,1,5623,68,1,0,3870,95,2
STU_832,0,24,5,0,107,5,1,2,1,82,0,0,0,66,5,0
STU_833,0,72,8,0,198,8,0,0,1,125,0,0,0,135,8,0
STU_834,1,1011,19,2,6417,67,0,1,0,5406,48,1,1,3714,67,2
STU_835,1,6375,13,1,4495,3,1,1,0,-1880,-10,1,0,5435,13,0
STU_836,0,193,4,0,81,1,1,4,0,-112,-2,0,0,137,4,0
STU_837,0,114,4,0,67,6,2,5,0,-47,2,0,0,91,6,0
STU_838,0,177,7,0,69,7,1,0,0,-108,0,0,0,123,7,0
STU_839,0,130,1,0,152,5,1,2,0,21,3,0,0,141,5,0
STU_840,2,200,20,2,1360,6,1,1,0,1160,-14,1,0,780,20,0
STU_841,1,1203,67,2,8000,120,0,1,1,6797,53,1,1,4602,120,2
STU_842,0,94,3,1,7676,71,1,2,1,7581,67,0,1,3885,71,0
STU_843,0,173,2,1,3395,34,0,4,0,3221,31,0,1,1784,34,0
STU_844,0,58,5,0,199,6,2,4,0,140,0,0,0,129,6,0
STU_845,1,27,21,1,1664,76,0,2,0,1637,55,1,0,846,76,0
STU_846,0,171,7,0,188,3,1,1,0,16,-4,0,0,180,7,0
STU_847,0,117,3,1,2374,66,0,3,1,2256,62,0,1,1246,66,0
STU_848,0,177,9,0,44,0,2,1,0,-133,-9,0,0,111,9,0
STU_849,0,187,5,0,107,0,1,2,1,-80,-5,0,0,147,5,0
STU_850,0,10,3,0,45,2,1,1,0,34,-1,0,0,28,3,0
STU_851,0,100,8,1,5887,44,0,2,1,5786,35,0,1,2994,44,0
STU_852,2,2516,33,0,122,9,1,0,0,-2394,-23,0,0,1319,33,0
STU_853,1,42,73,1,255,12,0,0,1,213,-61,1,0,148,73,0
STU_854,1,3776,26,2,5401,59,2,4,0,1625,33,1,1,4588,59,2
STU_855,0,56,4,0,184,3,0,0,1,127,-1,0,0,120,4,0
STU_856,0,111,8,2,4328,93,0,1,0,4216,84,0,1,2220,93,0
STU_857,0,141,5,0,103,8,0,0,0,-38,3,0,0,122,8,0
STU_858,0,26,6,0,93,1,1,0,1,66,-5,0,0,60,6,0
STU_859,1,1894,22,2,2444,10,1,0,1,550,-12,1,1,2169,22,0
STU_860,0,121,8,0,138,6,0,0,1,16,-2,0,0,130,8,0
STU_861,0,189,2,0,56,1,2,3,1,-133,-1,0,0,123,2,0
STU_862,1,3767,113,0,89,5,1,1,1,-3678,-107,0,0,1928,113,0
STU_863,2,7814,46,1,3277,14,1,4,0,-4537,-32,1,0,5546,46,0
STU_864,0,101,6,0,192,7,1,2,0,90,0,0,0,147,7,0
STU_865,0,17,7,0,35,2,1,1,0,17,-4,0,0,26,7,0
STU_866,0,193,0,0,18,2,1,2,1,-175,2,0,0,106,2,0
STU_867,0,7,6,1,426,50,0,1,0,418,43,0,1,217,50,0
STU_868,0,150,4,0,179,9,0,2,0,28,5,0,0,165,9,0
STU_869,0,105,1,0,174,2,2,1,1,68,0,0,0,140,2,0
STU_870,2,2483,68,2,4721,9,2,1,1,2238,-59,1,0,3602,68,0
STU_871,0,13,1,0,132,7,1,3,0,118,5,0,0,73,7,0
STU_872,0,124,4,1,676,33,0,4,0,551,28,0,1,400,33,0
STU_873,0,117,3,0,14,0,1,3,0,-103,-2,0,0,66,3,0
STU_874,0,56,7,1,236,42,1,1,0,179,34,0,1,146,42,0
STU_875,1,3649,111,1,4940,46,0,3,0,1291,-65,1,0,4294,111,0
STU_876,0,60,6,0,65,3,0,1,1,4,-2,0,0,63,6,0
STU_877,0,89,0,0,186,9,1,1,1,96,9,0,0,138,9,0
STU_878,0,108,9,0,61,1,1,0,1,-47,-8,0,0,85,9,0
STU_879,1,660,28,0,188,5,0,2,0,-472,-22,0,0,424,28,0
STU_880,0,186,0,0,50,0,0,0,1,-136,0,0,0,118,0,0
STU_881,1,1242,49,1,505,41,0,1,0,-737,-8,1,0,874,49,0
STU_882,0,16,2,1,1310,41,1,3,0,1293,38,0,1,663,41,0
STU_883,0,77,5,0,152,1,0,0,1,74,-4,0,0,115,5,0
STU_884,0,120,4,0,100,3,0,0,0,-20,-1,0,0,110,4,0
STU_885,2,8000,8,2,8000,120,2,0,0,0,112,1,0,8000,120,2
STU_886,2,2949,5,1,3182,53,0,4,1,233,48,1,0,3066,53,0
STU_887,0,11,4,2,1920,59,1,1,0,1908,54,0,1,966,59,0
STU_888,0,56,0,0,39,0,0,1,1,-17,0,0,0,48,0,0
STU_889,0,163,9,0,177,9,0,3,0,13,0,0,0,170,9,0
STU_890,0,15,9,0,80,5,0,3,1,64,-3,0,0,48,9,0
STU_891,0,171,6,0,167,7,1,1,0,-4,0,0,0,169,7,0
STU_892,1,5750,26,1,4558,5,2,2,0,-1192,-21,1,0,5154,26,0
STU_893,2,8000,11,0,35,1,2,3,1,-7965,-9,0,0,4018,11,0
STU_894,0,72,7,1,1949,12,1,2,0,1876,4,0,1,1011,12,0
STU_895,0,122,0,0,49,1,1,0,0,-73,0,0,0,86,1,0
STU_896,1,213,4,1,1832,10,0,3,0,1619,6,1,0,1022,10,0
STU_897,1,549,24,0,163,5,0,1,0,-386,-18,0,0,356,24,0
STU_898,0,43,1,0,21,5,2,1,0,-22,3,0,0,32,5,0
STU_899,0,25,0,1,192,0,0,1,0,166,0,0,1,109,0,0
STU_900,0,62,4,1,1029,35,0,0,1,966,30,0,1,546,35,0
STU_901,0,102,1,0,166,7,0,0,0,63,6,0,0,134,7,0
STU_902,0,117,1,0,29,7,0,2,0,-88,5,0,0,73,7,0
STU_903,0,157,0,0,110,0,0,0,0,-47,0,0,0,134,0,0
STU_904,0,131,2,0,142,1,1,1,0,10,0,0,0,137,2,0
STU_905,0,121,7,0,172,8,1,1,1,50,1,0,0,147,8,0
STU_906,0,82,8,2,3744,104,2,0,0,3661,95,0,1,1913,104,0
STU_907,0,94,4,0,157,9,2,5,1,62,5,0,0,126,9,0
STU_908,1,2197,59,0,131,2,1,0,0,-2066,-56,0,0,1164,59,0
STU_909,1,1139,54,2,2498,97,0,1,1,1359,43,1,1,1818,97,2
STU_910,0,46,0,0,22,2,1,1,0,-24,1,0,0,34,2,0
STU_911,0,1,2,2,2787,33,1,0,1,2785,30,0,1,1394,33,0
STU_912,2,3781,120,2,3863,26,0,0,1,82,-94,1,0,3822,120,0
STU_913,0,40,7,1,8000,54,1,2,0,7959,46,0,1,4020,54,0
STU_914,0,178,6,0,3,0,1,4,0,-175,-5,0,0,91,6,0
STU_915,0,171,3,0,99,6,1,0,0,-72,3,0,0,135,6,0
STU_916,0,15,1,0,123,4,1,2,1,107,3,0,0,69,4,0
STU_917,0,21,7,0,138,6,0,2,0,116,-1,0,0,80,7,0
STU_918,1,5700,33,0,144,8,2,3,0,-5556,-24,0,0,2922,33,0
STU_919,0,121,7,2,4426,35,2,1,1,4304,27,0,1,2274,35,0
STU_920,0,54,5,1,8000,45,0,1,0,7945,39,0,1,4027,45,0
STU_921,2,4313,120,2,5683,111,2,1,1,1370,-9,1,0,4998,120,2
STU_922,0,118,9,0,139,4,1,2,1,20,-4,0,0,129,9,0
STU_923,0,64,9,0,47,1,2,3,1,-17,-8,0,0,56,9,0
STU_924,0,5,5,0,64,9,2,0,1,58,4,0,0,35,9,0
STU_925,0,150,5,0,184,0,1,1,0,33,-4,0,0,167,5,0
STU_926,0,42,2,1,693,20,0,4,0,650,17,0,1,368,20,0
STU_927,0,166,9,0,81,3,0,3,0,-85,-6,0,0,124,9,0
STU_928,0,84,4,0,8,5,1,5,0,-76,0,0,0,46,5,0
STU_929,0,115,1,0,10,5,1,2,1,-105,4,0,0,63,5,0
STU_930,0,174,4,1,1523,24,0,1,1,1348,19,0,1,849,24,0
STU_931,0,172,1,0,126,5,0,2,0,-46,4,0,0,149,5,0
STU_932,0,74,5,0,117,7,2,2,0,42,2,0,0,96,7,0
STU_933,0,41,5,0,127,2,2,0,1,85,-2,0,0,84,5,0
STU_934,0,155,3,0,143,3,1,1,0,-12,0,0,0,149,3,0
STU_935,2,2369,67,0,4,2,0,2,0,-2365,-64,0,0,1186,67,0
STU_936,0,38,9,0,21,8,0,0,0,-17,-1,0,0,30,9,0
STU_937,0,180,7,0,72,7,0,3,1,-108,0,0,0,126,7,0
STU_938,1,7225,2,0,31,8,2,2,1,-7194,6,0,0,3628,8,0
STU_939,0,5,3,1,55,4,0,4,1,49,0,0,1,30,4,0
STU_940,0,4,7,0,128,0,1,0,1,123,-6,0,0,66,7,0
STU_941,1,876,12,1,2155,14,0,1,0,1279,2,1,0,1516,14,0
STU_942,1,1096,39,0,151,1,1,2,0,-945,-37,0,0,624,39,0
STU_943,0,62,1,0,163,5,1,1,1,100,4,0,0,113,5,0
STU_944,0,64,3,0,133,9,2,2,0,68,6,0,0,99,9,0
STU_945,0,67,1,0,147,3,0,2,1,79,2,0,0,107,3,0
STU_946,1,2815,13,0,54,9,0,0,1,-2761,-3,0,0,1434,13,0
STU_947,0,11,0,1,93,35,0,1,1,81,34,0,1,52,35,0
STU_948,0,185,4,1,4591,8,2,1,1,4405,3,0,1,2388,8,0
STU_949,1,910,76,0,43,1,2,1,1,-867,-74,0,0,476,76,0
STU_950,0,199,3,0,58,9,1,4,1,-141,6,0,0,129,9,0
STU_951,1,712,21,2,8000,31,1,3,0,7288,10,1,1,4356,31,2
STU_952,0,154,1,0,198,9,1,2,0,43,7,0,0,176,9,0
STU_953,0,44,7,0,159,2,0,2,0,114,-5,0,0,102,7,0
STU_954,0,16,3,2,7615,27,2,1,1,7598,23,0,1,3816,27,2
STU_955,1,919,19,2,1703,22,1,4,0,784,3,1,1,1311,22,0
STU_956,0,171,7,0,194,3,1,2,1,22,-3,0,0,183,7,0
STU_957,0,80,8,0,139,6,1,2,0,58,-2,0,0,110,8,0
STU_958,0,140,8,0,189,9,0,3,1,48,1,0,0,165,9,0
STU_959,0,111,6,1,782,2,0,1,0,670,-4,0,1,447,6,0
STU_960,2,7597,120,2,8000,23,1,3,1,403,-97,1,0,7798,120,2
STU_961,0,63,5,0,171,0,0,0,0,107,-4,0,0,117,5,0
STU_962,0,104,7,0,30,6,1,1,0,-74,-1,0,0,67,7,0
STU_963,2,1509,109,2,3578,56,0,1,0,2069,-53,1,0,2544,109,0
STU_964,0,70,1,0,101,8,1,5,1,30,7,0,0,86,8,0
STU_965,0,178,3,1,843,2,0,3,0,664,-1,0,1,511,3,0
STU_966,0,33,7,0,67,6,1,2,0,33,0,0,0,50,7,0
STU_967,1,1988,19,1,851,59,1,2,1,-1137,40,1,0,1420,59,0
STU_968,0,115,3,0,97,2,0,2,1,-18,0,0,0,106,3,0
STU_969,0,131,4,0,125,3,1,4,1,-6,0,0,0,128,4,0
STU_970,0,38,6,0,101,3,1,1,0,62,-2,0,0,70,6,0
STU_971,0,78,9,0,193,2,1,1,0,114,-7,0,0,136,9,0
STU_972,0,189,4,1,1033,65,2,0,1,843,60,0,1,611,65,0
STU_973,0,49,2,0,50,8,1,3,0,0,6,0,0,50,8,0
STU_974,0,133,1,1,1934,32,0,2,1,1800,30,0,1,1034,32,0
STU_975,0,148,0,0,59,8,0,1,0,-89,8,0,0,104,8,0
STU_976,0,89,5,0,74,1,0,0,0,-15,-4,0,0,82,5,0
STU_977,0,187,5,0,20,0,1,3,0,-167,-4,0,0,104,5,0
STU_978,1,1799,1,2,4259,20,0,0,0,2460,19,1,1,3029,20,0
STU_979,1,2289,6,0,57,5,1,2,0,-2232,0,0,0,1173,6,0
STU_980,0,113,7,0,52,4,1,5,0,-61,-2,0,0,83,7,0
STU_981,0,138,2,1,5003,46,1,1,1,4864,43,0,1,2571,46,0
STU_982,0,118,3,0,161,2,2,0,0,42,0,0,0,140,3,0
STU_983,2,2557,6,2,1396,120,0,2,1,-1161,114,1,0,1976,120,0
STU_984,1,1138,89,2,1783,6,0,3,1,645,-83,1,1,1460,89,0
STU_985,1,25,15,0,183,3,1,1,1,158,-11,0,0,104,15,0
STU_986,0,42,4,0,16,8,1,4,0,-26,3,0,0,29,8,0
STU_987,0,7,7,0,165,7,1,0,1,157,0,0,0,86,7,0
STU_988,0,8,7,0,109,3,1,1,1,100,-3,0,0,59,7,0
STU_989,0,174,6,1,892,18,0,2,1,717,11,0,1,533,18,0
STU_990,0,135,8,2,663,107,2,3,1,527,98,0,1,399,107,0
STU_991,2,1674,120,0,140,5,2,0,1,-1534,-114,0,0,907,120,0
STU_992,0,122,5,0,7,2,1,3,1,-115,-3,0,0,65,5,0
STU_993,0,169,2,0,153,9,0,2,0,-16,6,0,0,161,9,0
STU_994,0,96,3,0,7,1,1,1,1,-89,-2,0,0,52,3,0
STU_995,1,779,17,0,91,0,1,0,0,-688,-16,0,0,435,17,0
STU_996,0,71,6,0,30,3,0,3,1,-41,-3,0,0,51,6,0
STU_997,0,185,1,0,165,7,2,0,0,-20,5,0,0,175,7,0
STU_998,1,5368,71,1,2624,70,0,1,0,-2744,-1,1,0,3996,71,0
STU_999,0,51,6,0,91,6,2,1,1,39,0,0,0,71,6,0
STU_1000,0,112,2,0,86,9,1,3,1,-26,7,0,0,99,9,0
STU_1001,0,106,4,1,776,26,0,2,0,669,21,0,1,441,26,0
STU_1002,0,27,7,0,96,0,1,3,0,68,-6,0,0,62,7,0
STU_1003,1,4163,103,2,2100,21,2,1,1,-2063,-82,1,1,3132,103,0
STU_1004,1,1270,16,1,715,25,1,2,0,-555,9,1,0,992,25,0
STU_1005,0,10,1,1,5179,46,2,2,1,5168,44,0,1,2595,46,0
STU_1006,0,189,2,1,1468,3,1,3,0,1278,0,0,1,829,3,0
STU_1007,0,128,2,0,189,2,1,4,1,60,0,0,0,159,2,0
STU_1008,0,175,5,0,15,2,2,0,1,-160,-3,0,0,95,5,0
STU_1009,0,135,5,1,231,20,0,2,0,95,14,0,1,183,20,0
STU_1010,0,71,2,0,31,0,1,0,0,-40,-1,0,0,51,2,0
STU_1011,0,102,0,1,2235,120,0,1,0,2132,119,0,1,1169,120,0
STU_1012,1,1475,35,1,5226,26,2,1,1,3751,-9,1,0,3350,35,0
STU_1013,0,192,9,0,165,6,2,1,0,-27,-3,0,0,179,9,0
STU_1014,0,50,4,0,14,0,0,1,1,-36,-4,0,0,32,4,0
STU_1015,0,174,8,0,39,0,1,2,0,-135,-8,0,0,107,8,0
STU_1016,1,249,36,2,2303,18,2,1,0,2054,-18,1,1,1276,36,0
STU_1017,0,134,5,0,125,8,0,2,0,-9,3,0,0,130,8,0
STU_1018,0,186,7,0,137,5,1,1,0,-49,-1,0,0,162,7,0
STU_1019,0,79,1,0,25,8,2,0,1,-54,6,0,0,52,8,0
STU_1020,0,190,6,0,189,8,0,3,1,-1,1,0,0,190,8,0
STU_1021,0,140,2,0,68,0,1,1,1,-72,-1,0,0,104,2,0
STU_1022,1,2896,71,0,143,2,0,1,0,-2753,-68,0,0,1520,71,0
STU_1023,2,3822,120,1,4725,11,2,2,1,903,-109,1,0,4274,120,0
STU_1024,1,1176,39,0,45,4,2,1,1,-1131,-34,0,0,610,39,0
STU_1025,0,92,0,1,1540,17,2,0,1,1447,16,0,1,816,17,0
STU_1026,0,113,8,0,164,4,1,1,0,50,-4,0,0,139,8,0
STU_1027,0,29,3,1,831,44,2,4,0,801,40,0,1,430,44,0
STU_1028,2,701,14,2,6522,68,2,2,0,5821,54,1,0,3612,68,2
STU_1029,0,166,4,0,52,1,1,2,1,-114,-3,0,0,109,4,0
STU_1030,0,3,3,0,138,2,2,2,0,134,0,0,0,71,3,0
STU_1031,0,54,6,0,62,5,0,0,0,7,-1,0,0,58,6,0
STU_1032,0,0,9,0,169,6,1,1,0,168,-2,0,0,85,9,0
STU_1033,0,83,0,0,43,6,0,2,1,-40,5,0,0,63,6,0
STU_1034,0,145,9,1,645,18,0,0,1,499,8,0,1,395,18,0
STU_1035,0,159,6,0,54,7,0,1,0,-105,1,0,0,107,7,0
STU_1036,1,2819,39,2,3409,87,1,1,0,590,48,1,1,3114,87,2
STU_1037,0,121,3,0,102,2,1,1,1,-19,-1,0,0,112,3,0
STU_1038,0,50,4,0,41,4,1,5,1,-9,0,0,0,46,4,0
STU_1039,0,184,8,2,7357,6,0,0,1,7172,-2,0,1,3771,8,0
STU_1040,0,155,4,0,48,8,1,1,1,-107,4,0,0,102,8,0
STU_1041,1,348,20,1,3212,118,1,0,1,2864,98,1,0,1780,118,0
STU_1042,0,139,0,0,116,6,2,5,1,-23,5,0,0,128,6,0
STU_1043,0,184,1,0,197,5,1,0,0,12,3,0,0,191,5,0
STU_1044,0,142,6,0,200,0,1,1,1,57,-6,0,0,171,6,0
STU_1045,2,3508,35,0,174,0,2,2,1,-3334,-34,0,0,1841,35,0
STU_1046,0,142,5,0,152,1,1,2,1,9,-4,0,0,147,5,0
STU_1047,0,8,1,0,77,0,0,1,0,68,0,0,0,43,1,0
STU_1048,0,77,4,1,833,25,0,1,0,755,20,0,1,455,25,0
STU_1049,0,81,3,0,191,3,2,1,0,109,0,0,0,136,3,0
STU_1050,0,33,4,0,5,6,0,1,0,-28,1,0,0,19,6,0
STU_1051,1,5515,92,1,2790,48,2,0,0,-2725,-44,1,0,4152,92,0
STU_1052,0,26,7,0,44,5,1,1,1,17,-1,0,0,35,7,0
STU_1053,1,134,120,0,112,4,2,1,0,-22,-115,0,0,123,120,0
STU_1054,0,160,8,0,93,2,2,1,0,-67,-6,0,0,127,8,0
STU_1055,0,197,4,0,115,9,2,2,0,-82,4,0,0,156,9,0
STU_1056,0,69,7,0,110,0,1,4,1,40,-6,0,0,90,7,0
STU_1057,1,6322,11,1,6593,83,2,2,0,271,72,1,0,6458,83,2
STU_1058,0,187,6,1,178,29,1,0,0,-9,22,0,1,183,29,0
STU_1059,1,551,60,1,532,9,1,0,1,-19,-51,1,0,542,60,0
STU_1060,1,498,11,0,64,1,1,4,0,-434,-9,0,0,281,11,0
STU_1061,2,8000,100,1,6808,26,2,1,1,-1192,-74,1,0,7404,100,0
STU_1062,0,17,1,0,94,4,2,0,1,76,2,0,0,56,4,0
STU_1063,0,172,0,1,8000,14,2,2,0,7827,13,0,1,4086,14,0
STU_1064,1,1106,120,0,76,2,1,2,0,-1030,-117,0,0,591,120,0
STU_1065,0,6,1,1,124,2,1,2,1,117,0,0,1,65,2,0
STU_1066,0,18,6,0,116,2,1,1,0,97,-4,0,0,67,6,0
STU_1067,0,9,0,0,127,3,0,0,0,117,3,0,0,68,3,0
STU_1068,0,66,6,2,593,4,0,4,0,526,-2,0,1,330,6,0
STU_1069,0,101,1,0,63,8,1,1,1,-38,7,0,0,82,8,0
STU_1070,0,106,9,1,200,5,0,2,0,93,-4,0,1,153,9,0
STU_1071,0,53,9,0,27,2,0,2,1,-26,-6,0,0,40,9,0
STU_1072,0,182,2,0,51,1,0,2,1,-131,0,0,0,117,2,0
STU_1073,0,73,6,0,8,9,0,1,0,-65,3,0,0,41,9,0
STU_1074,0,9,0,0,15,2,0,1,0,5,1,0,0,12,2,0
STU_1075,0,60,9,0,49,8,2,2,1,-11,-1,0,0,55,9,0
STU_1076,0,106,5,0,4,3,1,3,0,-102,-1,0,0,55,5,0
STU_1077,0,81,0,0,49,9,1,4,1,-32,9,0,0,65,9,0
STU_1078,0,54,3,0,131,3,1,0,0,76,0,0,0,93,3,0
STU_1079,0,26,0,0,12,3,0,0,0,-14,2,0,0,19,3,0
STU_1080,0,163,3,1,6953,33,2,4,0,6789,29,0,1,3558,33,0
STU_1081,0,199,6,0,183,9,2,2,0,-16,2,0,0,191,9,0
STU_1082,1,896,7,1,2667,54,0,3,0,1771,47,1,0,1782,54,0
STU_1083,0,76,3,0,61,7,1,0,1,-15,3,0,0,69,7,0
STU_1084,0,123,1,1,6406,17,2,2,0,6282,15,0,1,3265,17,0
STU_1085,0,143,2,0,66,5,2,2,0,-77,3,0,0,105,5,0
STU_1086,0,78,1,1,2518,3,1,2,0,2439,1,0,1,1298,3,0
STU_1087,0,180,8,1,279,16,1,1,1,98,7,0,1,230,16,0
STU_1088,0,112,1,0,174,4,0,0,0,61,3,0,0,143,4,0
STU_1089,0,90,5,0,93,6,2,2,1,2,0,0,0,92,6,0
STU_1090,0,129,3,2,3940,45,0,1,0,3810,41,0,1,2035,45,0
STU_1091,0,190,2,0,134,5,2,1,0,-56,3,0,0,162,5,0
STU_1092,1,163,15,1,4067,1,1,4,0,3904,-14,1,0,2115,15,0
STU_1093,0,8,4,2,661,39,1,1,1,652,34,0,1,335,39,0
STU_1094,0,66,4,0,94,2,1,3,0,27,-1,0,0,80,4,0
STU_1095,0,94,5,1,1366,9,0,0,0,1271,3,0,1,730,9,0
STU_1096,0,62,4,1,489,1,0,2,0,426,-3,0,1,276,4,0
STU_1097,1,481,6,1,1911,20,0,5,1,1430,14,1,0,1196,20,0
STU_1098,0,165,5,0,12,9,0,0,0,-153,3,0,0,89,9,0
STU_1099,0,146,6,0,96,6,2,0,0,-50,0,0,0,121,6,0
STU_1100,1,1054,22,0,128,8,1,1,0,-926,-13,0,0,591,22,0
STU_1101,0,54,4,1,4090,39,0,0,0,4035,34,0,1,2072,39,0
STU_1102,0,174,0,1,637,10,2,2,1,462,9,0,1,406,10,0
STU_1103,2,2258,14,2,6793,87,2,4,1,4535,73,1,0,4526,87,2
STU_1104,0,72,5,0,117,0,2,1,0,44,-5,0,0,95,5,0
STU_1105,0,146,8,0,13,6,2,1,0,-133,-2,0,0,80,8,0
STU_1106,0,20,8,0,27,9,0,1,0,6,0,0,0,24,9,0
STU_1107,0,157,0,0,133,0,1,2,0,-24,0,0,0,145,0,0
STU_1108,0,106,4,1,106,55,2,0,0,0,50,0,1,106,55,0
STU_1109,1,559,120,1,8000,45,1,2,1,7441,-75,1,0,4280,120,0
STU_1110,0,131,1,1,1556,16,0,2,1,1424,14,0,1,844,16,0
STU_1111,0,128,7,0,183,6,2,2,1,54,-1,0,0,156,7,0
STU_1112,1,1059,26,1,1192,9,0,0,1,133,-17,1,0,1126,26,0
STU_1113,0,6,9,0,129,3,0,2,1,122,-5,0,0,68,9,0
STU_1114,0,86,0,1,1193,68,1,0,1,1106,67,0,1,640,68,0
STU_1115,0,113,2,0,1,0,1,0,0,-112,-1,0,0,57,2,0
STU_1116,1,1432,26,0,30,7,1,3,1,-1402,-18,0,0,731,26,0
STU_1117,1,1303,14,0,85,0,0,2,0,-1218,-13,0,0,694,14,0
STU_1118,0,105,8,0,160,3,2,0,0,54,-5,0,0,133,8,0
STU_1119,0,150,0,0,56,5,0,0,1,-94,4,0,0,103,5,0
STU_1120,0,87,5,0,125,3,0,0,0,37,-2,0,0,106,5,0
STU_1121,1,7094,37,0,82,3,2,1,0,-7012,-33,0,0,3588,37,0
STU_1122,0,40,0,0,47,8,2,0,1,6,7,0,0,44,8,0
STU_1123,0,74,5,0,103,9,2,0,0,28,4,0,0,89,9,0
STU_1124,1,7272,28,2,8000,14,2,1,0,728,-14,1,1,7636,28,2
STU_1125,0,3,1,0,166,5,1,2,1,162,3,0,0,85,5,0
STU_1126,0,144,2,0,169,8,1,2,1,24,6,0,0,157,8,0
STU_1127,0,167,6,0,68,9,0,2,0,-99,2,0,0,118,9,0
STU_1128,0,79,4,0,159,4,1,0,0,79,0,0,0,119,4,0
STU_1129,0,89,8,0,42,2,1,4,0,-47,-5,0,0,66,8,0
STU_1130,2,7579,14,2,4028,120,0,3,1,-3551,106,1,0,5804,120,2
STU_1131,0,155,2,0,190,4,1,3,1,34,2,0,0,173,4,0
STU_1132,0,57,9,0,3,9,1,3,0,-54,0,0,0,30,9,0
STU_1133,0,64,9,0,88,5,0,4,0,23,-3,0,0,76,9,0
STU_1134,0,135,0,0,130,6,0,1,0,-5,6,0,0,133,6,0
STU_1135,0,112,7,2,1621,120,1,0,1,1508,112,0,1,867,120,0
STU_1136,0,32,1,2,2728,50,0,2,0,2695,48,0,1,1380,50,0
STU_1137,1,3489,97,1,2567,7,2,2,1,-922,-90,1,0,3028,97,0
STU_1138,0,179,2,0,123,9,1,2,0,-56,6,0,0,151,9,0
STU_1139,0,137,2,1,6067,18,1,1,1,5929,15,0,1,3102,18,0
STU_1140,0,197,8,0,4,8,1,0,1,-193,0,0,0,101,8,0
STU_1141,2,2990,120,2,8000,19,2,1,1,5010,-101,1,0,5495,120,2
STU_1142,0,188,9,2,5616,31,1,4,0,5427,21,0,1,2902,31,0
STU_1143,1,7231,17,1,5756,25,1,2,1,-1475,8,1,0,6494,25,0
STU_1144,0,154,4,0,115,8,1,1,1,-39,4,0,0,135,8,0
STU_1145,2,3336,7,2,1716,120,0,1,0,-1620,113,1,0,2526,120,0
STU_1146,0,134,9,0,137,1,2,1,1,2,-8,0,0,136,9,0
STU_1147,1,1415,101,1,1806,9,2,3,1,391,-92,1,0,1610,101,0
STU_1148,0,69,7,0,155,9,1,2,1,85,1,0,0,112,9,0
STU_1149,0,172,9,0,195,1,2,3,1,22,-7,0,0,184,9,0
STU_1150,0,170,1,0,54,0,2,1,0,-116,0,0,0,112,1,0
STU_1151,1,1739,11,1,2542,53,1,2,0,803,42,1,0,2140,53,0
STU_1152,0,121,8,0,186,5,2,0,0,64,-3,0,0,154,8,0
STU_1153,2,573,0,2,749,47,1,2,1,176,47,1,0,661,47,0
STU_1154,1,1520,15,1,1390,20,1,1,1,-130,5,1,0,1455,20,0
STU_1155,0,166,5,1,7940,42,1,1,1,7773,36,0,1,4053,42,0
STU_1156,1,435,2,0,107,9,2,2,0,-328,7,0,0,271,9,0
STU_1157,0,188,2,1,558,25,0,4,0,369,22,0,1,373,25,0
STU_1158,0,35,6,0,140,2,2,0,1,104,-3,0,0,88,6,0
STU_1159,0,132,2,0,199,9,2,3,0,66,6,0,0,166,9,0
STU_1160,0,134,3,0,7,6,0,1,0,-127,3,0,0,71,6,0
STU_1161,0,50,4,0,13,4,2,1,1,-37,0,0,0,32,4,0
STU_1162,0,64,5,0,16,6,0,0,0,-48,1,0,0,40,6,0
STU_1163,0,166,4,0,149,4,1,1,0,-17,0,0,0,158,4,0
STU_1164,0,152,4,1,326,44,1,1,0,173,39,0,1,239,44,0
STU_1165,0,65,2,1,2572,55,0,0,0,2506,52,0,1,1319,55,0
STU_1166,0,106,1,2,8000,120,2,1,1,7893,118,0,1,4053,120,2
STU_1167,1,6205,18,1,2561,34,2,4,0,-3644,16,1,0,4383,34,0
STU_1168,0,41,1,2,2155,120,1,0,0,2113,118,0,1,1098,120,0
STU_1169,0,97,5,1,113,6,0,2,0,15,0,0,1,105,6,0
STU_1170,0,17,7,0,117,0,0,1,1,99,-7,0,0,67,7,0
STU_1171,0,168,1,0,189,3,1,2,0,20,1,0,0,179,3,0
STU_1172,1,6238,20,0,115,2,2,1,1,-6123,-17,0,0,3176,20,0
STU_1173,0,188,7,0,25,0,1,0,0,-163,-7,0,0,107,7,0
STU_1174,0,138,3,0,34,4,0,0,0,-104,1,0,0,86,4,0
STU_1175,0,188,9,0,198,6,1,0,0,9,-3,0,0,193,9,0
STU_1176,0,110,7,0,145,8,1,0,1,34,1,0,0,128,8,0
STU_1177,2,1519,89,1,3288,40,2,2,1,1769,-49,1,0,2404,89,0
STU_1178,1,2257,19,0,141,8,0,3,0,-2116,-10,0,0,1199,19,0
STU_1179,0,128,5,0,82,4,2,3,0,-46,0,0,0,105,5,0
STU_1180,0,6,0,1,1955,22,1,2,1,1948,21,0,1,981,22,0
STU_1181,0,144,1,2,8000,57,2,0,0,7855,55,0,1,4072,57,2
STU_1182,0,181,1,0,168,4,1,1,1,-13,2,0,0,175,4,0
STU_1183,1,268,4,1,5936,6,1,1,0,5668,2,1,0,3102,6,0
STU_1184,1,3637,7,0,58,4,2,0,1,-3579,-2,0,0,1848,7,0
STU_1185,0,134,0,0,61,3,0,1,1,-73,3,0,0,98,3,0
STU_1186,1,4116,66,0,32,5,2,1,1,-4084,-60,0,0,2074,66,0
STU_1187,0,18,4,0,102,6,1,1,1,83,2,0,0,60,6,0
STU_1188,0,133,5,2,2417,1,0,1,0,2283,-4,0,1,1275,5,0
STU_1189,0,56,2,0,60,3,1,3,1,3,1,0,0,58,3,0
STU_1190,0,128,5,0,187,5,1,3,0,58,0,0,0,158,5,0
STU_1191,0,121,9,0,62,9,0,1,0,-59,0,0,0,92,9,0
STU_1192,0,30,0,0,72,9,1,4,1,41,9,0,0,51,9,0
STU_1193,0,41,2,0,95,2,1,4,1,53,0,0,0,68,2,0
STU_1194,0,124,2,0,112,1,1,1,1,-12,0,0,0,118,2,0
STU_1195,1,2562,29,0,162,6,0,1,0,-2400,-22,0,0,1362,29,0
STU_1196,0,53,3,0,38,4,2,1,1,-15,0,0,0,46,4,0
STU_1197,0,167,8,0,174,0,2,4,1,6,-7,0,0,171,8,0
STU_1198,1,8000,25,1,4632,46,2,3,0,-3368,21,1,0,6316,46,0
STU_1199,2,4494,26,0,145,8,1,0,0,-4349,-17,0,0,2320,26,0
STU_1200,2,2130,13,2,1381,5,0,1,0,-749,-8,1,0,1756,13,0
STU_1201,0,45,6,0,4,4,2,2,0,-41,-1,0,0,25,6,0
STU_1202,0,77,5,0,119,4,0,1,1,41,0,0,0,98,5,0
STU_1203,0,121,4,0,173,5,0,0,1,51,1,0,0,147,5,0
STU_1204,0,151,1,0,117,2,1,3,1,-34,0,0,0,134,2,0
STU_1205,2,8000,44,0,43,5,1,2,1,-7957,-38,0,0,4022,44,0
STU_1206,0,183,4,0,18,0,2,3,0,-165,-3,0,0,101,4,0
STU_1207,0,155,7,0,140,4,1,3,1,-15,-3,0,0,148,7,0
STU_1208,0,45,7,0,144,3,1,2,0,98,-4,0,0,95,7,0
STU_1209,0,4,1,0,35,6,0,1,1,30,5,0,0,20,6,0
STU_1210,1,2821,68,2,8000,71,2,2,0,5179,3,1,1,5410,71,2
STU_1211,0,28,9,0,82,3,1,0,1,53,-5,0,0,55,9,0
STU_1212,0,142,5,0,117,0,1,2,0,-25,-5,0,0,130,5,0
STU_1213,0,132,8,0,141,2,0,0,0,8,-6,0,0,137,8,0
STU_1214,0,8,0,0,162,6,2,2,1,153,5,0,0,85,6,0
STU_1215,0,167,5,0,122,0,1,0,0,-45,-4,0,0,145,5,0
STU_1216,0,49,5,0,22,1,0,0,1,-27,-4,0,0,36,5,0
STU_1217,0,86,8,0,137,6,0,0,0,50,-2,0,0,112,8,0
STU_1218,0,133,0,1,1105,23,1,0,1,971,22,0,1,619,23,0
STU_1219,2,7423,114,2,7351,0,1,2,0,-72,-114,1,0,7387,114,2
STU_1220,1,192,16,0,174,4,0,2,0,-18,-11,0,0,183,16,0
STU_1221,2,562,35,0,60,9,2,1,0,-502,-25,0,0,311,35,0
STU_1222,0,80,9,0,150,9,0,0,0,69,0,0,0,115,9,0
STU_1223,0,152,9,1,3490,3,1,0,0,3337,-6,0,1,1821,9,0
STU_1224,0,183,9,0,136,8,2,0,0,-47,-1,0,0,160,9,0
STU_1225,1,5094,20,2,3601,16,1,0,0,-1493,-4,1,1,4348,20,0
STU_1226,2,8000,17,0,191,9,1,3,0,-7809,-7,0,0,4096,17,0
STU_1227,1,1142,19,1,2202,20,1,0,1,1060,1,1,0,1672,20,0
STU_1228,0,188,3,1,1084,2,0,1,1,895,-1,0,1,636,3,0
STU_1229,2,2790,7,2,2362,9,2,0,0,-428,2,1,0,2576,9,0
STU_1230,0,88,8,0,130,4,1,0,1,41,-3,0,0,109,8,0
STU_1231,0,159,1,0,88,7,2,1,1,-71,6,0,0,124,7,0
STU_1232,0,121,6,0,19,2,0,2,0,-102,-3,0,0,70,6,0
STU_1233,0,22,9,0,148,1,0,0,1,125,-7,0,0,85,9,0
STU_1234,0,125,4,0,160,4,0,0,0,34,0,0,0,143,4,0
STU_1235,0,37,1,0,145,9,1,1,0,107,8,0,0,91,9,0
STU_1236,0,102,4,0,40,5,1,0,0,-62,0,0,0,71,5,0
STU_1237,0,105,3,0,138,6,2,0,1,32,2,0,0,122,6,0
STU_1238,1,235,41,1,467,45,1,4,1,232,4,1,0,351,45,0
STU_1239,0,92,4,0,61,1,2,2,0,-31,-3,0,0,77,4,0
STU_1240,0,55,0,2,7488,99,0,2,0,7432,98,0,1,3772,99,2
STU_1241,1,1315,9,0,167,7,2,1,1,-1148,-1,0,0,741,9,0
STU_1242,1,3835,4,1,1599,18,2,1,0,-2236,14,1,0,2717,18,0
STU_1243,0,34,4,0,2,1,2,1,0,-32,-3,0,0,18,4,0
STU_1244,0,85,9,0,70,4,2,2,1,-15,-5,0,0,78,9,0
STU_1245,0,37,1,0,100,0,2,2,1,62,0,0,0,69,1,0
STU_1246,0,154,1,0,190,2,1,0,1,35,0,0,0,172,2,0
STU_1247,0,94,8,0,188,3,0,1,1,93,-4,0,0,141,8,0
STU_1248,1,844,7,1,443,23,0,1,1,-401,16,1,0,644,23,0
STU_1249,0,72,7,1,8000,84,2,3,0,7927,76,0,1,4036,84,2
STU_1250,1,815,23,2,4551,24,1,2,0,3736,1,1,1,2683,24,0
STU_1251,1,140,46,0,158,7,2,1,0,18,-38,0,0,149,46,0
STU_1252,1,2226,20,1,2194,4,1,0,1,-32,-16,1,0,2210,20,0
STU_1253,0,179,1,0,25,3,0,2,1,-154,1,0,0,102,3,0
STU_1254,1,512,12,0,108,6,0,0,0,-404,-5,0,0,310,12,0
STU_1255,0,65,6,0,50,2,1,1,1,-15,-3,0,0,58,6,0
STU_1256,0,190,9,1,1102,74,1,0,0,911,64,0,1,646,74,0
STU_1257,0,4,7,0,72,6,0,2,0,67,-1,0,0,38,7,0
STU_1258,0,75,1,2,172,1,1,0,0,96,0,0,1,124,1,0
STU_1259,0,179,8,1,260,5,0,1,0,80,-3,0,1,220,8,0
STU_1260,0,54,6,0,196,5,1,3,1,141,0,0,0,125,6,0
STU_1261,0,54,6,0,25,5,0,0,0,-29,-1,0,0,40,6,0
STU_1262,0,60,8,0,75,2,2,1,1,14,-5,0,0,68,8,0
STU_1263,0,122,5,0,186,2,1,1,1,63,-3,0,0,154,5,0
STU_1264,0,87,4,0,175,5,1,0,0,87,1,0,0,131,5,0
STU_1265,1,2349,30,2,7930,85,0,3,1,5581,55,1,1,5140,85,2
STU_1266,0,178,2,0,140,0,0,0,0,-38,-2,0,0,159,2,0
STU_1267,0,134,1,0,18,5,1,1,0,-116,3,0,0,76,5,0
STU_1268,0,40,6,0,143,1,1,2,0,102,-4,0,0,92,6,0
STU_1269,0,186,2,0,195,1,1,2,1,8,0,0,0,191,2,0
STU_1270,0,52,0,0,107,6,0,2,0,54,5,0,0,80,6,0
STU_1271,0,29,0,0,100,3,1,1,0,70,3,0,0,65,3,0
STU_1272,2,4250,25,2,8000,4,2,0,0,3750,-21,1,0,6125,25,0
STU_1273,0,112,3,0,127,3,2,2,0,14,0,0,0,120,3,0
STU_1274,0,22,7,0,118,6,0,1,1,95,-1,0,0,70,7,0
STU_1275,0,27,3,0,130,4,1,3,0,102,0,0,0,79,4,0
STU_1276,1,578,13,1,1179,3,0,3,0,601,-10,1,0,878,13,0
STU_1277,0,56,4,0,110,3,0,3,0,53,0,0,0,83,4,0
STU_1278,0,120,6,0,119,7,2,1,0,-1,0,0,0,120,7,0
STU_1279,1,34,19,0,42,2,0,1,1,8,-16,0,0,38,19,0
STU_1280,0,152,9,0,42,5,1,3,0,-110,-4,0,0,97,9,0
STU_1281,0,52,9,0,55,5,1,1,1,2,-3,0,0,54,9,0
STU_1282,0,49,8,0,142,3,1,0,0,92,-5,0,0,96,8,0
STU_1283,0,193,9,0,121,4,1,3,0,-72,-4,0,0,157,9,0
STU_1284,0,1,4,1,1603,10,0,3,1,1601,5,0,1,802,10,0
STU_1285,0,175,5,0,59,0,1,1,0,-116,-5,0,0,117,5,0
STU_1286,0,39,7,0,182,2,1,0,1,142,-5,0,0,111,7,0
STU_1287,0,189,6,0,149,7,0,1,1,-40,0,0,0,169,7,0
STU_1288,0,68,8,0,79,7,1,3,0,10,-1,0,0,74,8,0
STU_1289,2,1305,22,2,6396,120,0,4,0,5091,98,1,0,3850,120,2
STU_1290,1,353,9,1,2232,19,0,0,1,1879,10,1,0,1292,19,0
STU_1291,0,117,3,0,191,0,1,0,0,73,-3,0,0,154,3,0
STU_1292,0,63,8,1,8000,10,0,3,0,7936,1,0,1,4032,10,0
STU_1293,0,110,6,0,66,7,1,1,0,-44,0,0,0,88,7,0
STU_1294,0,146,6,1,4408,65,1,1,0,4261,58,0,1,2277,65,0
STU_1295,0,8,3,0,161,2,2,4,1,152,-1,0,0,85,3,0
STU_1296,2,5860,16,2,2809,42,0,0,0,-3051,26,1,0,4334,42,0
STU_1297,0,91,9,1,1093,36,0,2,0,1001,26,0,1,592,36,0
STU_1298,0,26,2,1,1379,0,0,0,1,1352,-2,0,1,703,2,0
STU_1299,0,132,6,0,87,3,1,1,0,-45,-2,0,0,110,6,0
STU_1300,0,42,3,0,82,6,1,3,0,39,2,0,0,62,6,0
STU_1301,0,86,9,0,101,5,0,1,1,14,-4,0,0,94,9,0
STU_1302,0,39,4,0,163,4,2,5,0,123,0,0,0,101,4,0
STU_1303,0,109,2,0,164,8,0,2,1,54,6,0,0,137,8,0
STU_1304,1,1560,63,0,160,2,1,1,1,-1400,-60,0,0,860,63,0
STU_1305,0,4,6,1,3317,39,1,0,0,3312,32,0,1,1661,39,0
STU_1306,1,483,35,0,160,1,2,1,0,-323,-33,0,0,322,35,0
STU_1307,1,645,27,0,24,6,1,1,0,-621,-20,0,0,334,27,0
STU_1308,0,28,9,1,635,6,2,0,0,606,-3,0,1,332,9,0
STU_1309,1,399,94,0,190,4,1,1,1,-209,-89,0,0,294,94,0
STU_1310,0,13,0,0,164,7,2,1,1,150,6,0,0,89,7,0
STU_1311,2,775,23,2,5250,4,0,2,0,4475,-19,1,0,3012,23,0
STU_1312,0,101,6,0,175,1,2,2,1,73,-5,0,0,138,6,0
STU_1313,0,92,1,0,198,7,1,2,1,105,5,0,0,145,7,0
STU_1314,0,190,0,0,122,9,2,0,1,-68,9,0,0,156,9,0
STU_1315,0,188,1,0,123,5,1,0,0,-65,4,0,0,156,5,0
STU_1316,2,417,7,2,8000,120,1,2,0,7583,113,1,0,4208,120,2
STU_1317,0,120,0,0,46,1,1,1,0,-74,1,0,0,83,1,0
STU_1318,0,90,2,0,33,2,1,0,1,-57,0,0,0,62,2,0
STU_1319,0,71,7,1,6248,28,0,3,0,6176,20,0,1,3160,28,0
STU_1320,2,3257,52,1,8000,12,0,3,1,4743,-40,1,0,5628,52,0
STU_1321,0,120,7,0,27,0,0,1,0,-93,-7,0,0,74,7,0
STU_1322,0,115,7,0,63,2,0,0,0,-52,-5,0,0,89,7,0
STU_1323,0,46,0,0,72,4,2,2,0,25,3,0,0,59,4,0
STU_1324,0,9,8,0,193,4,0,2,1,183,-4,0,0,101,8,0
STU_1325,0,189,2,0,140,5,2,3,0,-49,3,0,0,165,5,0
STU_1326,0,62,5,1,7249,7,1,2,1,7186,1,0,1,3656,7,0
STU_1327,0,88,6,0,194,0,0,3,0,105,-5,0,0,141,6,0
STU_1328,0,22,1,0,181,0,2,1,0,158,0,0,0,102,1,0
STU_1329,0,167,9,1,196,35,1,0,0,28,25,0,1,182,35,0
STU_1330,0,5,4,0,181,4,1,2,0,175,0,0,0,93,4,0
STU_1331,0,166,0,0,81,0,1,2,0,-85,0,0,0,124,0,0
STU_1332,1,3219,13,1,6185,41,1,2,0,2966,28,1,0,4702,41,0
STU_1333,2,1467,45,0,47,2,0,0,0,-1420,-42,0,0,757,45,0
STU_1334,0,145,6,1,8000,25,2,0,0,7854,18,0,1,4073,25,0
STU_1335,0,32,5,0,100,4,2,3,1,67,0,0,0,66,5,0
STU_1336,0,113,8,2,8000,120,1,2,1,7886,111,0,1,4057,120,2
STU_1337,0,62,0,0,137,7,0,4,0,74,7,0,0,100,7,0
STU_1338,0,35,2,0,4,7,1,2,1,-31,4,0,0,20,7,0
STU_1339,0,171,4,0,11,6,0,2,1,-160,1,0,0,91,6,0
STU_1340,0,80,0,0,107,9,0,2,0,26,8,0,0,94,9,0
STU_1341,2,2825,112,2,6433,4,0,3,1,3608,-108,1,0,4629,112,0
STU_1342,0,33,3,0,127,8,1,2,1,93,4,0,0,80,8,0
STU_1343,0,76,2,1,5864,81,2,2,0,5787,78,0,1,2970,81,0
STU_1344,0,174,0,0,117,8,1,0,0,-57,8,0,0,146,8,0
STU_1345,0,72,7,0,60,2,1,1,1,-12,-4,0,0,66,7,0
STU_1346,0,190,8,0,128,2,1,2,0,-62,-5,0,0,159,8,0
STU_1347,0,189,3,0,166,6,1,1,0,-23,2,0,0,178,6,0
STU_1348,0,28,5,0,200,2,1,0,0,171,-3,0,0,114,5,0
STU_1349,0,35,2,0,168,2,2,1,0,132,0,0,0,102,2,0
STU_1350,2,4889,44,0,111,3,0,0,1,-4778,-40,0,0,2500,44,0
STU_1351,0,78,0,1,113,16,2,0,1,34,15,0,1,96,16,0
STU_1352,0,0,4,0,136,8,1,1,1,135,4,0,0,68,8,0
STU_1353,0,54,6,0,188,6,1,4,0,133,0,0,0,121,6,0
STU_1354,0,119,9,0,42,8,1,1,0,-77,0,0,0,81,9,0
STU_1355,0,159,3,0,51,5,1,0,0,-108,1,0,0,105,5,0
STU_1356,1,5005,45,0,30,0,2,0,0,-4975,-44,0,0,2518,45,0
STU_1357,2,8000,2,1,8000,0,2,2,0,0,-2,1,0,8000,2,0
STU_1358,2,703,120,1,5949,0,1,1,1,5246,-120,1,0,3326,120,0
STU_1359,0,150,3,1,619,61,0,3,1,468,57,0,1,385,61,0
STU_1360,1,2574,12,1,1260,120,1,2,0,-1314,108,1,0,1917,120,0
STU_1361,0,153,8,0,112,4,2,3,1,-41,-4,0,0,133,8,0
STU_1362,0,85,0,0,66,6,0,1,0,-19,6,0,0,76,6,0
STU_1363,0,151,1,1,3271,9,1,2,0,3119,7,0,1,1711,9,0
STU_1364,1,478,16,0,58,8,1,1,1,-420,-7,0,0,268,16,0
STU_1365,0,48,8,1,1035,58,1,4,0,986,49,0,1,542,58,0
STU_1366,0,145,0,2,1355,52,0,2,1,1209,51,0,1,750,52,0
STU_1367,0,83,8,0,110,9,1,1,1,26,1,0,0,97,9,0
STU_1368,0,196,4,2,427,1,2,1,0,230,-3,0,1,312,4,0
STU_1369,0,69,0,0,135,6,0,0,1,65,6,0,0,102,6,0
STU_1370,1,1229,23,0,59,8,0,2,0,-1170,-14,0,0,644,23,0
STU_1371,0,186,1,0,106,5,2,0,0,-80,3,0,0,146,5,0
STU_1372,0,48,6,0,168,7,0,2,0,119,1,0,0,108,7,0
STU_1373,0,159,6,0,14,4,2,1,0,-145,-2,0,0,87,6,0
STU_1374,0,86,4,0,16,5,1,2,1,-70,1,0,0,51,5,0
STU_1375,0,183,0,0,111,0,0,3,0,-72,0,0,0,147,0,0
STU_1376,0,90,6,1,2777,27,2,3,1,2686,20,0,1,1434,27,0
STU_1377,0,148,8,0,42,8,1,2,1,-106,0,0,0,95,8,0
STU_1378,0,93,7,0,149,8,1,0,0,55,1,0,0,121,8,0
STU_1379,0,45,8,2,1505,55,1,0,1,1459,46,0,1,775,55,0
STU_1380,0,39,2,0,185,1,1,2,0,145,0,0,0,112,2,0
STU_1381,0,85,8,0,34,0,0,1,0,-51,-8,0,0,60,8,0
STU_1382,0,151,3,0,150,8,1,1,0,-1,5,0,0,151,8,0
STU_1383,2,4970,83,1,8000,89,2,0,0,3030,6,1,0,6485,89,2
STU_1384,0,137,8,0,113,2,0,1,0,-24,-5,0,0,125,8,0
STU_1385,0,56,9,0,110,5,1,0,1,53,-3,0,0,83,9,0
STU_1386,0,96,6,0,78,4,1,3,0,-18,-2,0,0,87,6,0
STU_1387,0,8,2,0,169,6,2,0,0,160,4,0,0,89,6,0
STU_1388,2,779,13,1,1437,120,0,2,1,658,107,1,0,1108,120,0
STU_1389,0,197,4,0,104,6,2,0,1,-93,2,0,0,151,6,0
STU_1390,0,81,8,0,43,8,1,2,1,-38,0,0,0,62,8,0
STU_1391,0,2,1,0,149,1,0,1,0,146,0,0,0,76,1,0
STU_1392,0,33,8,1,2464,11,0,3,1,2430,2,0,1,1249,11,0
STU_1393,1,379,9,2,536,81,0,3,1,157,72,1,1,458,81,0
STU_1394,0,122,8,1,2351,64,1,1,1,2228,55,0,1,1237,64,0
STU_1395,0,157,9,0,167,3,1,4,1,9,-5,0,0,162,9,0
STU_1396,0,50,4,2,5866,20,2,5,0,5815,15,0,1,2958,20,2
STU_1397,0,152,3,0,126,6,1,3,0,-26,2,0,0,139,6,0
STU_1398,1,871,23,1,2675,19,0,3,0,1804,-4,1,0,1773,23,0
STU_1399,0,64,5,0,170,9,1,0,0,105,4,0,0,117,9,0
STU_1400,0,109,6,2,2071,11,1,2,1,1961,4,0,1,1090,11,0
STU_1401,0,29,6,0,106,5,0,0,0,76,-1,0,0,68,6,0
STU_1402,0,90,1,0,146,6,0,0,1,55,4,0,0,118,6,0
STU_1403,0,176,8,0,19,0,0,5,1,-157,-7,0,0,98,8,0
STU_1404,0,84,1,0,106,6,1,1,0,21,4,0,0,95,6,0
STU_1405,0,167,9,0,58,7,1,2,0,-109,-2,0,0,113,9,0
STU_1406,0,118,2,0,195,3,1,3,1,76,1,0,0,157,3,0
STU_1407,0,38,7,0,171,2,2,3,1,132,-5,0,0,105,7,0
STU_1408,2,4408,120,1,3015,56,2,5,0,-1393,-64,1,0,3712,120,0
STU_1409,0,101,3,0,187,4,1,0,0,85,1,0,0,144,4,0
STU_1410,0,79,3,0,69,6,2,0,0,-10,3,0,0,74,6,0
STU_1411,0,23,7,0,180,0,0,1,1,156,-7,0,0,102,7,0
STU_1412,0,83,5,0,65,4,0,0,0,-18,-1,0,0,74,5,0
STU_1413,0,14,8,0,147,8,0,0,1,132,0,0,0,81,8,0
STU_1414,1,165,5,0,147,3,0,1,0,-18,-1,0,0,156,5,0
STU_1415,0,83,6,0,4,6,1,3,0,-79,0,0,0,44,6,0
STU_1416,0,61,7,1,1993,42,2,2,0,1931,34,0,1,1027,42,0
STU_1417,0,185,1,0,4,4,0,1,0,-181,2,0,0,95,4,0
STU_1418,0,75,4,0,199,9,0,2,0,123,5,0,0,137,9,0
STU_1419,0,151,4,0,24,5,1,0,0,-127,0,0,0,88,5,0
STU_1420,0,106,3,0,109,9,2,0,0,2,5,0,0,108,9,0
STU_1421,0,140,3,1,6450,19,1,2,0,6309,15,0,1,3295,19,0
STU_1422,0,52,6,0,40,9,1,2,0,-12,2,0,0,46,9,0
STU_1423,0,188,2,0,97,8,0,2,1,-91,6,0,0,143,8,0
STU_1424,0,106,7,2,378,98,0,0,0,271,90,0,1,242,98,0
STU_1425,0,166,9,0,32,9,2,3,0,-134,0,0,0,99,9,0
STU_1426,0,73,5,0,156,1,2,2,1,82,-4,0,0,115,5,0
STU_1427,0,20,6,0,60,0,0,2,1,39,-5,0,0,40,6,0
STU_1428,0,134,0,0,42,0,2,2,0,-92,0,0,0,88,0,0
STU_1429,0,1,8,2,2052,7,1,3,1,2050,-1,0,1,1027,8,0
STU_1430,0,95,2,0,82,6,2,2,1,-13,3,0,0,89,6,0
STU_1431,0,38,6,1,6950,81,1,2,1,6911,74,0,1,3494,81,0
STU_1432,0,125,9,2,400,43,1,5,0,274,33,0,1,263,43,0
STU_1433,0,195,5,0,97,4,1,2,1,-98,-1,0,0,146,5,0
STU_1434,0,92,7,0,72,4,1,1,0,-20,-2,0,0,82,7,0
STU_1435,0,163,4,0,65,7,0,2,1,-98,3,0,0,114,7,0
STU_1436,1,496,113,1,2565,39,0,1,1,2069,-74,1,0,1530,113,0
STU_1437,0,99,7,0,109,2,1,0,0,9,-5,0,0,104,7,0
STU_1438,0,186,0,0,161,2,1,2,1,-25,2,0,0,174,2,0
STU_1439,0,177,7,0,62,3,0,4,0,-115,-3,0,0,120,7,0
STU_1440,0,157,0,1,5392,37,1,4,1,5234,36,0,1,2775,37,0
STU_1441,0,59,8,0,95,4,2,1,0,35,-3,0,0,77,8,0
STU_1442,0,109,1,0,14,3,0,1,0,-95,1,0,0,62,3,0
STU_1443,0,44,5,1,444,120,1,0,0,399,114,0,1,244,120,0
STU_1444,0,88,5,0,104,3,1,5,1,15,-2,0,0,96,5,0
STU_1445,0,96,4,0,99,9,2,5,0,2,5,0,0,98,9,0
STU_1446,0,166,3,0,60,2,0,2,0,-106,-1,0,0,113,3,0
STU_1447,0,179,4,0,181,8,1,3,0,1,3,0,0,180,8,0
STU_1448,0,82,3,0,18,7,2,2,1,-64,3,0,0,50,7,0
STU_1449,0,3,4,0,174,0,2,2,0,170,-4,0,0,89,4,0
STU_1450,0,172,3,0,75,9,1,0,0,-97,6,0,0,124,9,0
STU_1451,0,34,5,2,2159,4,1,1,0,2124,-1,0,1,1097,5,0
STU_1452,0,124,2,0,146,6,1,2,0,21,4,0,0,135,6,0
STU_1453,0,4,9,0,21,4,2,2,0,16,-5,0,0,13,9,0
STU_1454,0,79,5,0,166,5,1,1,0,86,0,0,0,123,5,0
STU_1455,1,2769,19,0,136,2,0,4,1,-2633,-16,0,0,1452,19,0
STU_1456,2,1705,112,2,2476,25,2,0,0,771,-87,1,0,2090,112,0
STU_1457,0,84,8,1,205,42,1,1,0,120,33,0,1,145,42,0
STU_1458,0,61,0,0,127,8,1,2,0,65,8,0,0,94,8,0
STU_1459,0,181,6,0,133,1,0,2,1,-48,-5,0,0,157,6,0
STU_1460,0,173,5,0,149,7,1,2,1,-24,2,0,0,161,7,0
STU_1461,0,47,1,0,144,7,1,1,1,96,5,0,0,96,7,0
STU_1462,0,16,8,0,132,1,1,0,0,115,-6,0,0,74,8,0
STU_1463,1,1878,16,1,2751,1,0,2,0,873,-15,1,0,2314,16,0
STU_1464,0,67,2,0,115,4,1,2,0,47,1,0,0,91,4,0
STU_1465,0,134,8,0,52,7,2,0,0,-82,0,0,0,93,8,0
STU_1466,0,6,6,0,182,8,0,2,0,175,1,0,0,94,8,0
STU_1467,1,8000,26,1,8000,45,2,1,1,0,19,1,0,8000,45,0
STU_1468,0,137,6,0,73,5,1,2,1,-64,0,0,0,105,6,0
STU_1469,0,42,7,2,3320,120,2,3,1,3277,112,0,1,1681,120,2
STU_1470,0,171,8,0,85,7,2,0,0,-86,0,0,0,128,8,0
STU_1471,1,1387,6,1,813,21,1,0,1,-574,15,1,0,1100,21,0
STU_1472,0,43,7,0,13,5,1,3,0,-30,-2,0,0,28,7,0
STU_1473,1,6948,10,1,3320,73,2,2,0,-3628,63,1,0,5134,73,0
STU_1474,0,86,0,0,193,3,1,2,1,106,2,0,0,140,3,0
STU_1475,0,140,5,0,110,4,1,3,0,-30,0,0,0,125,5,0
STU_1476,0,36,0,0,101,8,1,3,0,64,7,0,0,69,8,0
STU_1477,0,121,7,0,64,0,2,4,0,-57,-6,0,0,93,7,0
STU_1478,0,145,5,1,167,3,2,1,1,21,-2,0,1,156,5,0
STU_1479,1,1059,20,1,1679,21,2,1,1,620,1,1,0,1369,21,0
STU_1480,0,165,1,0,55,0,1,1,0,-110,-1,0,0,110,1,0
STU_1481,0,120,6,0,90,2,2,0,1,-30,-3,0,0,105,6,0
STU_1482,0,77,2,1,210,31,0,2,0,132,28,0,1,144,31,0
STU_1483,0,111,6,0,17,0,1,1,0,-94,-5,0,0,64,6,0
STU_1484,0,115,7,0,144,6,0,4,1,28,0,0,0,130,7,0
STU_1485,0,33,7,1,660,12,1,2,1,626,4,0,1,347,12,0
STU_1486,0,80,8,0,187,9,1,2,1,106,1,0,0,134,9,0
STU_1487,0,68,8,0,124,5,1,1,0,55,-3,0,0,96,8,0
STU_1488,2,816,72,2,1203,28,1,0,1,387,-44,1,0,1010,72,0
STU_1489,0,152,3,1,1786,47,1,0,1,1633,43,0,1,969,47,0
STU_1490,1,1001,20,2,1621,64,1,1,1,620,44,1,1,1311,64,0
STU_1491,0,188,4,1,4276,50,0,0,0,4087,45,0,1,2232,50,0
STU_1492,0,58,1,0,156,1,1,2,1,97,0,0,0,107,1,0
STU_1493,0,83,5,1,2676,90,0,3,1,2592,84,0,1,1380,90,0
STU_1494,0,157,4,0,190,4,0,3,0,32,0,0,0,174,4,0
STU_1495,1,2310,44,0,148,0,1,2,0,-2162,-43,0,0,1229,44,0
STU_1496,0,109,8,0,139,5,1,0,0,29,-2,0,0,124,8,0
STU_1497,0,10,4,0,52,6,1,3,1,41,2,0,0,31,6,0
STU_1498,1,1238,3,1,6632,27,1,3,1,5394,24,1,0,3935,27,0
STU_1499,0,54,0,0,36,8,1,0,1,-18,7,0,0,45,8,0
STU_1500,0,199,8,1,3878,23,2,2,1,3678,14,0,1,2039,23,0
STU_1501,0,61,9,0,63,6,1,1,0,1,-3,0,0,62,9,0
STU_1502,1,2954,37,0,26,4,1,3,0,-2928,-32,0,0,1490,37,0
STU_1503,0,135,3,1,1585,46,0,5,0,1449,42,0,1,860,46,0
STU_1504,0,68,9,0,0,2,1,0,0,-68,-6,0,0,34,9,0
STU_1505,0,108,6,0,166,5,1,3,0,57,0,0,0,137,6,0
STU_1506,2,2467,120,2,991,14,1,2,0,-1476,-106,1,0,1729,120,0
STU_1507,0,176,7,0,177,7,1,5,0,0,0,0,0,177,7,0
STU_1508,0,32,3,0,138,0,1,1,0,105,-3,0,0,85,3,0
STU_1509,0,67,4,0,133,0,1,3,0,65,-4,0,0,100,4,0
STU_1510,2,1006,56,2,8000,29,2,0,0,6994,-27,1,0,4503,56,2
STU_1511,1,2537,24,0,12,4,2,1,0,-2525,-19,0,0,1274,24,0
STU_1512,2,3009,120,1,1987,16,1,0,1,-1022,-104,1,0,2498,120,0
STU_1513,0,170,8,0,34,6,2,5,1,-136,-2,0,0,102,8,0
STU_1514,0,76,7,0,74,7,0,3,1,-2,0,0,0,75,7,0
STU_1515,0,148,4,0,120,2,0,3,0,-28,-2,0,0,134,4,0
STU_1516,1,296,28,2,3370,44,0,4,1,3074,16,1,1,1833,44,0
STU_1517,0,75,0,0,40,9,1,0,1,-35,9,0,0,58,9,0
STU_1518,0,28,3,0,28,5,2,1,1,0,2,0,0,28,5,0
STU_1519,1,1064,10,2,1131,55,0,0,0,67,45,1,1,1098,55,0
STU_1520,0,170,6,0,173,8,2,0,1,2,1,0,0,172,8,0
STU_1521,0,137,0,0,6,5,0,0,1,-131,5,0,0,72,5,0
STU_1522,0,3,9,0,195,2,2,1,1,191,-7,0,0,99,9,0
STU_1523,0,43,3,0,40,2,1,1,1,-3,-1,0,0,42,3,0
STU_1524,0,13,8,1,712,3,0,0,0,698,-5,0,1,363,8,0
STU_1525,0,114,5,0,115,8,1,0,0,0,3,0,0,115,8,0
STU_1526,0,151,1,0,16,0,0,0,0,-135,0,0,0,84,1,0
STU_1527,0,22,7,0,120,2,0,5,1,97,-5,0,0,71,7,0
STU_1528,0,167,7,1,860,19,1,2,0,692,11,0,1,514,19,0
STU_1529,0,111,5,1,8000,14,2,4,0,7888,8,0,1,4056,14,0
STU_1530,0,137,5,0,160,6,1,1,0,22,1,0,0,149,6,0
STU_1531,0,194,0,0,79,2,1,1,0,-115,1,0,0,137,2,0
STU_1532,0,16,6,0,32,6,1,3,0,15,0,0,0,24,6,0
STU_1533,0,180,9,0,35,3,1,1,1,-145,-5,0,0,108,9,0
STU_1534,0,25,0,1,3296,87,0,1,1,3270,86,0,1,1661,87,0
STU_1535,1,1202,22,2,710,7,1,0,0,-492,-15,1,1,956,22,0
STU_1536,0,170,9,1,1140,10,0,0,0,969,0,0,1,655,10,0
STU_1537,1,1419,16,0,109,6,0,1,0,-1310,-9,0,0,764,16,0
STU_1538,0,101,6,1,3471,120,1,1,1,3369,113,0,1,1786,120,0
STU_1539,0,118,5,1,526,0,0,2,0,407,-5,0,1,322,5,0
STU_1540,0,141,5,0,163,5,1,0,0,21,0,0,0,152,5,0
STU_1541,0,166,4,0,145,6,1,0,0,-21,2,0,0,156,6,0
STU_1542,0,24,2,0,98,6,0,3,1,73,3,0,0,61,6,0
STU_1543,0,162,0,0,172,6,1,0,1,9,6,0,0,167,6,0
STU_1544,2,1595,120,2,1246,120,0,1,1,-349,0,1,0,1420,120,0
STU_1545,0,90,7,0,182,1,2,3,1,91,-5,0,0,136,7,0
STU_1546,0,84,6,0,169,2,1,0,0,84,-4,0,0,127,6,0
STU_1547,1,508,31,1,3624,30,2,0,0,3116,-1,1,0,2066,31,0
STU_1548,0,189,2,0,164,9,1,1,0,-25,6,0,0,177,9,0
STU_1549,1,897,69,2,6505,120,0,1,0,5608,51,1,1,3701,120,2
STU_1550,0,190,8,0,135,5,1,2,0,-55,-2,0,0,163,8,0
STU_1551,2,708,27,1,3580,66,2,3,0,2872,39,1,0,2144,66,0
STU_1552,0,144,3,0,71,1,1,0,0,-73,-1,0,0,108,3,0
STU_1553,0,162,1,0,114,8,2,2,1,-48,7,0,0,138,8,0
STU_1554,0,135,0,0,51,8,2,1,1,-84,8,0,0,93,8,0
STU_1555,0,121,3,1,4258,8,0,0,1,4136,4,0,1,2190,8,0
STU_1556,0,112,8,0,56,7,0,2,1,-56,0,0,0,84,8,0
STU_1557,0,172,9,0,25,4,1,1,0,-147,-4,0,0,99,9,0
STU_1558,0,164,8,0,64,3,1,1,1,-100,-5,0,0,114,8,0
STU_1559,0,24,9,0,170,7,2,0,0,145,-1,0,0,97,9,0
STU_1560,1,2851,25,2,3813,29,2,1,1,962,4,1,1,3332,29,2
STU_1561,0,82,5,0,150,7,1,1,0,67,2,0,0,116,7,0
STU_1562,0,50,2,0,35,0,0,3,1,-15,-1,0,0,43,2,0
STU_1563,0,173,7,0,85,3,2,0,0,-88,-4,0,0,129,7,0
STU_1564,0,86,2,0,23,3,0,1,0,-63,1,0,0,55,3,0
STU_1565,0,161,2,0,28,3,2,1,1,-133,0,0,0,95,3,0
STU_1566,1,922,20,1,5921,39,1,2,0,4999,19,1,0,3422,39,0
STU_1567,1,2151,9,1,2006,119,1,2,1,-145,110,1,0,2078,119,0
STU_1568,0,99,3,1,2046,17,0,2,1,1946,13,0,1,1073,17,0
STU_1569,1,1520,107,1,823,40,1,3,1,-697,-67,1,0,1172,107,0
STU_1570,0,150,4,1,2231,12,1,3,1,2080,7,0,1,1191,12,0
STU_1571,0,55,8,1,1641,11,1,1,1,1585,2,0,1,848,11,0
STU_1572,0,88,5,2,8000,53,0,1,0,7911,47,0,1,4044,53,0
STU_1573,0,17,8,0,130,2,1,3,1,112,-6,0,0,74,8,0
STU_1574,0,57,1,0,11,3,2,5,1,-46,1,0,0,34,3,0
STU_1575,0,156,1,0,196,0,0,3,1,39,-1,0,0,176,1,0
STU_1576,0,30,5,1,341,86,0,1,0,310,80,0,1,186,86,0
STU_1577,0,129,4,0,94,2,0,0,1,-35,-1,0,0,112,4,0
STU_1578,0,183,6,0,86,0,1,1,1,-97,-5,0,0,135,6,0
STU_1579,1,116,120,0,115,6,1,2,1,-1,-113,0,0,116,120,0
STU_1580,0,162,7,0,18,9,1,1,0,-144,2,0,0,90,9,0
STU_1581,0,21,9,0,186,1,0,1,0,164,-8,0,0,104,9,0
STU_1582,0,50,3,0,125,8,1,3,0,74,4,0,0,88,8,0
STU_1583,0,178,2,0,37,1,1,1,1,-141,0,0,0,108,2,0
STU_1584,0,143,5,0,113,6,1,3,1,-30,1,0,0,128,6,0
STU_1585,0,127,1,0,27,6,2,1,0,-100,5,0,0,77,6,0
STU_1586,0,132,2,0,4,9,0,1,0,-128,6,0,0,68,9,0
STU_1587,0,82,2,0,126,1,1,1,0,43,0,0,0,104,2,0
STU_1588,0,8,3,0,130,3,1,2,0,121,0,0,0,69,3,0
STU_1589,0,156,1,0,117,0,1,0,1,-39,0,0,0,137,1,0
STU_1590,0,135,0,0,37,4,1,0,1,-98,3,0,0,86,4,0
STU_1591,0,94,6,0,121,9,1,4,0,26,2,0,0,108,9,0
STU_1592,1,441,19,1,790,42,2,0,0,349,23,1,0,616,42,0
STU_1593,0,67,7,0,122,7,0,2,0,54,0,0,0,95,7,0
STU_1594,1,714,74,0,111,5,0,2,1,-603,-68,0,0,412,74,0
STU_1595,0,174,1,1,962,25,1,1,0,787,23,0,1,568,25,0
STU_1596,2,1864,33,2,3604,58,1,2,0,1740,25,1,0,2734,58,0
STU_1597,0,102,1,0,170,1,0,0,0,67,0,0,0,136,1,0
STU_1598,0,26,8,0,196,8,0,2,1,169,0,0,0,111,8,0
STU_1599,2,698,3,2,3952,15,0,1,1,3254,12,1,0,2325,15,0
STU_1600,0,131,2,0,154,0,2,2,1,22,-1,0,0,143,2,0
STU_1601,0,77,3,0,191,1,0,0,0,113,-2,0,0,134,3,0
STU_1602,0,167,9,0,173,6,1,2,0,5,-3,0,0,170,9,0
STU_1603,0,189,5,0,146,6,0,0,0,-43,0,0,0,168,6,0
STU_1604,1,100,24,1,3046,71,1,1,1,2946,47,1,0,1573,71,0
STU_1605,0,75,2,0,10,7,0,0,0,-65,4,0,0,43,7,0
STU_1606,0,157,2,0,168,7,1,0,1,10,5,0,0,163,7,0
STU_1607,0,70,7,0,98,9,0,3,1,27,1,0,0,84,9,0
STU_1608,0,33,6,0,163,5,2,1,1,129,-1,0,0,98,6,0
STU_1609,0,6,6,0,63,7,0,4,0,56,0,0,0,35,7,0
STU_1610,0,77,5,0,80,7,1,4,0,2,2,0,0,79,7,0
STU_1611,0,180,5,0,140,2,2,2,0,-40,-3,0,0,160,5,0
STU_1612,0,47,7,0,183,3,1,0,1,135,-4,0,0,115,7,0
STU_1613,1,5183,14,1,2125,35,1,1,1,-3058,21,1,0,3654,35,0
STU_1614,0,193,3,0,172,0,1,3,0,-21,-3,0,0,183,3,0
STU_1615,0,5,8,0,159,2,1,1,0,153,-5,0,0,82,8,0
STU_1616,0,157,3,0,63,4,1,0,1,-94,1,0,0,110,4,0
STU_1617,0,64,5,0,71,1,2,2,1,6,-4,0,0,68,5,0
STU_1618,0,7,7,0,9,1,1,3,0,1,-5,0,0,8,7,0
STU_1619,2,5074,1,2,8000,39,1,3,1,2926,38,1,0,6537,39,2
STU_1620,0,27,4,0,95,7,1,0,0,67,2,0,0,61,7,0
STU_1621,1,1294,23,0,19,8,1,2,0,-1275,-14,0,0,656,23,0
STU_1622,0,54,8,0,39,5,0,0,1,-15,-2,0,0,47,8,0
STU_1623,0,13,8,1,835,16,1,0,1,821,7,0,1,424,16,0
STU_1624,0,9,7,2,8000,5,2,3,1,7990,-2,0,1,4005,7,2
STU_1625,0,23,4,0,127,1,0,0,0,103,-2,0,0,75,4,0
STU_1626,0,14,3,0,37,1,1,1,1,22,-1,0,0,26,3,0
STU_1627,1,1277,24,1,834,42,0,0,0,-443,18,1,0,1056,42,0
STU_1628,0,97,8,0,174,4,1,3,0,76,-4,0,0,136,8,0
STU_1629,1,69,78,1,1868,21,0,3,0,1799,-57,1,0,968,78,0
STU_1630,1,1080,120,2,5141,63,1,2,0,4061,-57,1,1,3110,120,2
STU_1631,0,185,4,0,169,1,2,2,1,-16,-2,0,0,177,4,0
STU_1632,0,182,4,0,146,5,1,0,1,-36,0,0,0,164,5,0
STU_1633,0,143,9,0,147,4,1,1,0,3,-5,0,0,145,9,0
STU_1634,2,6296,68,2,7111,49,2,1,0,815,-19,1,0,6704,68,2
STU_1635,0,63,4,0,54,5,2,0,0,-9,1,0,0,59,5,0
STU_1636,0,76,0,0,13,9,0,1,0,-63,9,0,0,45,9,0
STU_1637,0,122,5,0,2,8,1,4,1,-120,2,0,0,62,8,0
STU_1638,0,124,0,0,32,9,0,0,1,-92,8,0,0,78,9,0
STU_1639,0,96,8,0,176,0,2,1,0,79,-8,0,0,136,8,0
STU_1640,0,80,7,1,935,7,2,0,0,854,0,0,1,508,7,0
STU_1641,0,197,4,0,194,0,1,0,1,-3,-3,0,0,196,4,0
STU_1642,0,164,4,0,119,2,2,4,1,-45,-1,0,0,142,4,0
STU_1643,0,86,8,0,47,4,1,1,0,-39,-4,0,0,67,8,0
STU_1644,0,145,2,0,99,6,1,1,0,-46,3,0,0,122,6,0
STU_1645,0,53,2,2,3316,120,0,2,1,3262,117,0,1,1685,120,2
STU_1646,0,20,9,1,8000,39,2,0,0,7979,29,0,1,4010,39,0
STU_1647,0,70,8,0,169,9,0,1,0,98,1,0,0,120,9,0
STU_1648,0,80,8,0,5,1,2,1,1,-75,-6,0,0,43,8,0
STU_1649,0,3,1,0,190,8,2,2,1,186,6,0,0,97,8,0
STU_1650,0,162,1,2,704,21,1,5,1,541,19,0,1,433,21,0
STU_1651,0,71,0,0,16,4,0,2,1,-55,4,0,0,44,4,0
STU_1652,0,116,2,0,134,7,1,1,1,17,5,0,0,125,7,0
STU_1653,0,14,7,0,129,0,0,3,0,114,-6,0,0,72,7,0
STU_1654,1,565,29,2,1464,55,1,0,0,899,26,1,1,1014,55,0
STU_1655,1,1034,31,0,152,6,0,0,0,-882,-24,0,0,593,31,0
STU_1656,1,2668,120,1,5255,62,2,0,0,2587,-58,1,0,3962,120,0
STU_1657,0,190,3,0,98,9,1,1,1,-92,5,0,0,144,9,0
STU_1658,0,199,9,1,4960,17,1,1,1,4760,7,0,1,2580,17,0
STU_1659,0,74,2,0,194,0,1,2,1,119,-1,0,0,134,2,0
STU_1660,0,59,3,1,1587,26,1,4,1,1527,22,0,1,823,26,0
STU_1661,0,171,3,0,32,3,1,1,0,-139,0,0,0,102,3,0
STU_1662,0,199,1,0,68,1,1,1,0,-131,0,0,0,134,1,0
STU_1663,1,982,33,2,415,87,2,0,1,-567,54,1,1,698,87,2
STU_1664,0,159,3,2,2134,120,1,0,1,1974,116,0,1,1147,120,0
STU_1665,0,156,6,0,12,9,2,2,1,-144,2,0,0,84,9,0
STU_1666,0,71,8,0,168,7,2,1,1,96,-1,0,0,120,8,0
STU_1667,0,114,5,0,188,1,0,3,1,73,-3,0,0,151,5,0
STU_1668,0,166,0,0,135,4,2,0,1,-31,4,0,0,151,4,0
STU_1669,1,1729,79,1,989,1,0,0,0,-740,-78,1,0,1359,79,0
STU_1670,0,4,0,0,72,4,2,1,1,67,4,0,0,38,4,0
STU_1671,1,1347,6,0,95,5,1,0,1,-1252,0,0,0,721,6,0
STU_1672,0,28,6,0,121,0,2,0,0,92,-6,0,0,75,6,0
STU_1673,1,1584,3,1,4594,42,2,2,1,3010,39,1,0,3089,42,0
STU_1674,0,181,8,0,111,4,2,0,0,-70,-3,0,0,146,8,0
STU_1675,0,7,9,0,70,7,2,2,1,62,-1,0,0,39,9,0
STU_1676,0,43,8,0,178,8,1,1,0,134,0,0,0,111,8,0
STU_1677,0,61,3,0,16,2,0,0,1,-45,0,0,0,39,3,0
STU_1678,2,282,120,0,93,0,1,1,0,-189,-119,0,0,188,120,0
STU_1679,0,106,9,0,155,7,0,3,1,48,-2,0,0,131,9,0
STU_1680,0,43,3,0,12,9,1,1,0,-31,6,0,0,28,9,0
STU_1681,2,2811,120,2,8000,120,1,2,0,5189,0,1,0,5406,120,2
STU_1682,0,47,0,0,164,2,2,0,0,116,2,0,0,106,2,0
STU_1683,0,100,0,0,132,1,1,3,1,31,1,0,0,116,1,0
STU_1684,0,54,7,0,3,2,2,0,0,-51,-4,0,0,29,7,0
STU_1685,0,189,7,0,36,3,0,2,0,-153,-4,0,0,113,7,0
STU_1686,1,1932,7,2,5304,20,2,2,1,3372,13,1,1,3618,20,2
STU_1687,0,11,9,0,47,6,2,4,0,35,-2,0,0,29,9,0
STU_1688,0,145,1,1,1317,23,1,1,1,1171,21,0,1,731,23,0
STU_1689,0,65,2,0,130,0,1,0,0,64,-1,0,0,98,2,0
STU_1690,1,5823,55,1,4067,44,2,0,1,-1756,-11,1,0,4945,55,0
STU_1691,0,55,1,0,186,8,0,3,0,130,6,0,0,121,8,0
STU_1692,1,1280,1,0,148,4,1,1,0,-1132,3,0,0,714,4,0
STU_1693,0,154,5,1,109,28,1,3,1,-45,22,0,1,132,28,0
STU_1694,0,185,0,0,76,5,0,0,1,-109,4,0,0,131,5,0
STU_1695,2,2205,62,0,40,2,1,1,1,-2165,-59,0,0,1122,62,0
STU_1696,0,66,5,0,194,1,0,0,0,127,-3,0,0,130,5,0
STU_1697,0,92,8,0,103,6,0,4,0,10,-1,0,0,98,8,0
STU_1698,0,185,7,1,1845,47,0,2,0,1659,39,0,1,1015,47,0
STU_1699,0,180,6,0,69,6,2,4,1,-111,0,0,0,125,6,0
STU_1700,0,17,4,1,2289,8,1,1,0,2271,3,0,1,1153,8,0
STU_1701,2,8000,120,2,8000,120,2,2,0,0,0,1,0,8000,120,2
STU_1702,1,537,44,0,196,0,1,2,0,-341,-43,0,0,366,44,0
STU_1703,0,21,4,0,182,8,1,1,1,160,3,0,0,102,8,0
STU_1704,0,69,0,0,73,5,1,3,0,3,5,0,0,71,5,0
STU_1705,0,29,2,0,155,3,1,4,1,125,1,0,0,92,3,0
STU_1706,0,127,4,2,1578,120,0,3,0,1450,115,0,1,853,120,0
STU_1707,0,189,4,0,180,6,1,2,1,-9,1,0,0,185,6,0
STU_1708,1,846,10,0,61,1,0,1,0,-785,-8,0,0,454,10,0
STU_1709,0,75,5,1,198,3,1,1,1,122,-2,0,1,137,5,0
STU_1710,1,1795,56,0,173,3,1,4,1,-1622,-52,0,0,984,56,0
STU_1711,0,171,0,0,156,3,0,0,0,-15,2,0,0,164,3,0
STU_1712,0,23,9,0,79,0,0,2,1,55,-8,0,0,51,9,0
STU_1713,0,137,0,1,2278,23,2,2,0,2140,22,0,1,1208,23,0
STU_1714,0,81,8,0,9,1,1,2,1,-72,-6,0,0,45,8,0
STU_1715,0,41,0,0,156,3,0,5,1,114,3,0,0,99,3,0
STU_1716,2,3979,15,1,1998,120,2,1,0,-1981,105,1,0,2988,120,0
STU_1717,0,15,0,0,57,2,0,1,0,41,1,0,0,36,2,0
STU_1718,1,704,54,0,99,4,1,0,0,-605,-49,0,0,402,54,0
STU_1719,0,50,3,0,90,3,2,1,0,39,0,0,0,70,3,0
STU_1720,2,3194,6,2,1938,6,0,1,0,-1256,0,1,0,2566,6,0
STU_1721,0,24,4,1,1230,36,0,1,0,1205,31,0,1,627,36,0
STU_1722,2,1564,86,1,1143,7,0,3,0,-421,-79,1,0,1354,86,0
STU_1723,0,98,7,0,35,2,1,4,1,-63,-5,0,0,67,7,0
STU_1724,0,114,0,1,911,77,0,0,0,796,76,0,1,513,77,0
STU_1725,1,330,103,1,914,14,1,1,0,584,-89,1,0,622,103,0
STU_1726,0,82,0,1,1914,29,0,4,1,1831,28,0,1,998,29,0
STU_1727,0,38,4,0,129,2,1,0,0,90,-2,0,0,84,4,0
STU_1728,0,149,7,0,182,1,2,0,0,32,-5,0,0,166,7,0
STU_1729,2,1187,13,2,8000,28,2,0,0,6813,15,1,0,4594,28,2
STU_1730,0,20,2,0,9,7,1,2,1,-11,5,0,0,15,7,0
STU_1731,0,142,7,0,168,4,1,0,1,25,-2,0,0,155,7,0
STU_1732,0,41,7,0,198,6,1,4,0,156,-1,0,0,120,7,0
STU_1733,0,61,9,0,94,3,1,1,1,32,-5,0,0,78,9,0
STU_1734,1,3388,54,1,2788,53,1,1,0,-600,-1,1,0,3088,54,0
STU_1735,0,89,5,0,109,2,0,0,1,19,-2,0,0,99,5,0
STU_1736,0,141,3,0,92,3,2,1,1,-49,0,0,0,117,3,0
STU_1737,1,2571,84,1,2904,108,1,2,1,333,24,1,0,2738,108,0
STU_1738,0,128,7,0,132,1,0,2,0,3,-6,0,0,130,7,0
STU_1739,0,142,3,0,46,6,1,2,0,-96,2,0,0,94,6,0
STU_1740,0,58,4,0,21,8,1,2,0,-37,4,0,0,40,8,0
STU_1741,0,64,4,0,5,1,2,4,1,-59,-2,0,0,35,4,0
STU_1742,0,87,7,0,58,8,1,3,1,-29,1,0,0,73,8,0
STU_1743,0,61,9,0,79,0,2,2,1,17,-8,0,0,70,9,0
STU_1744,0,196,6,1,959,9,0,0,1,762,2,0,1,578,9,0
STU_1745,0,162,4,0,59,6,1,0,0,-103,1,0,0,111,6,0
STU_1746,0,32,7,0,197,5,1,0,1,164,-2,0,0,115,7,0
STU_1747,0,1,6,2,6490,4,0,2,1,6488,-2,0,1,3246,6,0
STU_1748,0,8,0,0,88,7,0,1,1,79,7,0,0,48,7,0
STU_1749,0,48,0,0,21,9,2,1,1,-27,8,0,0,35,9,0
STU_1750,0,22,0,0,52,1,0,3,1,29,1,0,0,37,1,0
STU_1751,0,106,4,0,10,8,1,3,0,-96,4,0,0,58,8,0
STU_1752,0,171,8,0,112,5,0,4,1,-59,-2,0,0,142,8,0
STU_1753,0,147,3,0,150,9,0,1,0,2,6,0,0,149,9,0
STU_1754,0,43,3,0,39,1,0,2,1,-4,-2,0,0,41,3,0
STU_1755,0,79,9,0,74,7,2,1,1,-5,-1,0,0,77,9,0
STU_1756,0,101,8,0,3,0,2,0,0,-98,-7,0,0,52,8,0
STU_1757,0,162,6,0,168,8,2,0,1,5,2,0,0,165,8,0
STU_1758,1,8000,60,1,5039,2,1,1,0,-2961,-58,1,0,6520,60,0
STU_1759,1,310,7,0,13,3,0,1,0,-297,-3,0,0,162,7,0
STU_1760,0,101,0,0,73,1,1,3,0,-28,1,0,0,87,1,0
STU_1761,0,138,1,0,191,8,1,0,1,52,7,0,0,165,8,0
STU_1762,0,22,2,1,8000,11,2,2,1,7977,8,0,1,4011,11,0
STU_1763,0,113,5,0,105,3,0,1,1,-8,-1,0,0,109,5,0
STU_1764,0,49,0,0,71,4,1,1,0,21,3,0,0,60,4,0
STU_1765,0,86,1,0,119,8,0,1,1,32,6,0,0,103,8,0
STU_1766,0,126,1,0,196,3,1,1,1,69,1,0,0,161,3,0
STU_1767,0,51,6,0,200,0,1,2,0,148,-5,0,0,126,6,0
STU_1768,0,10,6,0,155,9,1,1,0,144,2,0,0,83,9,0
STU_1769,0,2,5,0,81,3,1,0,0,78,-1,0,0,42,5,0
STU_1770,0,4,2,1,1134,15,1,0,1,1129,12,0,1,569,15,0
STU_1771,0,1,3,0,71,2,1,1,1,69,-1,0,0,36,3,0
STU_1772,0,22,0,1,8000,14,2,4,1,7977,13,0,1,4011,14,0
STU_1773,0,47,2,0,142,2,2,1,0,94,0,0,0,95,2,0
STU_1774,0,44,8,0,90,6,2,2,1,45,-2,0,0,67,8,0
STU_1775,0,197,9,2,8000,70,2,2,0,7802,60,0,1,4099,70,2
STU_1776,0,61,6,0,104,0,1,4,0,42,-6,0,0,83,6,0
STU_1777,0,25,9,1,1231,42,1,3,1,1205,32,0,1,628,42,0
STU_1778,1,8000,29,0,105,4,1,2,0,-7895,-24,0,0,4052,29,0
STU_1779,1,719,55,0,36,6,0,2,1,-683,-48,0,0,378,55,0
STU_1780,0,135,9,0,4,3,2,3,0,-131,-6,0,0,70,9,0
STU_1781,0,59,0,0,71,6,0,1,1,11,5,0,0,65,6,0
STU_1782,0,112,6,0,184,2,2,1,0,71,-4,0,0,148,6,0
STU_1783,1,2638,15,1,1858,63,1,0,1,-780,48,1,0,2248,63,0
STU_1784,0,145,3,0,189,9,1,3,0,43,5,0,0,167,9,0
STU_1785,2,3095,19,1,3245,9,1,3,0,150,-10,1,0,3170,19,0
STU_1786,0,174,4,0,112,8,2,0,1,-62,3,0,0,143,8,0
STU_1787,0,174,2,0,118,1,1,2,0,-56,0,0,0,146,2,0
STU_1788,1,526,3,1,397,21,1,1,1,-129,18,1,0,462,21,0
STU_1789,0,85,3,0,141,8,0,0,1,55,4,0,0,113,8,0
STU_1790,0,128,9,0,84,2,1,5,0,-44,-7,0,0,106,9,0
STU_1791,0,163,7,1,195,6,0,0,0,31,-1,0,1,179,7,0
STU_1792,0,1,4,0,24,4,1,0,1,22,0,0,0,13,4,0
STU_1793,0,198,1,0,53,3,1,2,1,-145,1,0,0,126,3,0
STU_1794,0,36,8,0,167,6,1,2,1,130,-1,0,0,102,8,0
STU_1795,0,94,1,1,1482,7,0,0,0,1387,5,0,1,788,7,0
STU_1796,0,174,2,0,108,3,0,2,1,-66,1,0,0,141,3,0
STU_1797,2,8000,120,1,6649,14,1,1,0,-1351,-106,1,0,7324,120,0
STU_1798,0,95,8,0,185,3,0,0,1,89,-5,0,0,140,8,0
STU_1799,0,26,1,0,140,2,0,0,1,113,0,0,0,83,2,0
STU_1800,0,79,1,0,83,8,0,2,0,3,6,0,0,81,8,0
STU_1801,0,35,4,2,8000,23,2,1,0,7964,18,0,1,4018,23,0
STU_1802,0,72,2,1,186,17,1,4,0,113,14,0,1,129,17,0
STU_1803,2,555,120,1,1883,13,1,3,0,1328,-107,1,0,1219,120,0
STU_1804,0,198,4,0,177,6,0,5,1,-21,2,0,0,188,6,0
STU_1805,0,198,4,2,1268,25,1,1,0,1069,20,0,1,733,25,0
STU_1806,0,22,1,0,21,4,2,4,0,-1,3,0,0,22,4,0
STU_1807,0,145,1,0,1,9,1,1,0,-144,8,0,0,73,9,0
STU_1808,1,1385,11,1,583,6,0,1,1,-802,-5,1,0,984,11,0
STU_1809,0,6,8,0,29,5,0,0,1,22,-2,0,0,18,8,0
STU_1810,0,21,2,0,44,8,0,0,0,22,6,0,0,33,8,0
STU_1811,0,193,1,1,544,17,1,2,0,350,15,0,1,369,17,0
STU_1812,0,188,0,0,45,8,2,1,1,-143,8,0,0,117,8,0
STU_1813,0,38,6,0,67,3,0,0,1,28,-2,0,0,53,6,0
STU_1814,0,32,7,0,6,2,0,2,0,-26,-4,0,0,19,7,0
STU_1815,0,48,3,0,122,8,0,1,0,73,4,0,0,85,8,0
STU_1816,0,103,6,0,114,3,2,2,0,10,-2,0,0,109,6,0
STU_1817,0,113,7,0,19,7,0,1,0,-94,0,0,0,66,7,0
STU_1818,2,3553,42,2,8000,22,2,3,1,4447,-20,1,0,5776,42,2
STU_1819,1,1005,37,2,2382,72,1,3,1,1377,35,1,1,1694,72,2
STU_1820,0,61,1,0,189,5,1,1,0,127,3,0,0,125,5,0
STU_1821,0,184,0,1,1095,17,0,1,1,910,16,0,1,640,17,0
STU_1822,0,131,8,0,159,4,0,1,0,27,-3,0,0,145,8,0
STU_1823,0,87,7,0,71,6,1,3,1,-16,0,0,0,79,7,0
STU_1824,0,157,5,0,13,0,2,1,1,-144,-5,0,0,85,5,0
STU_1825,0,163,0,0,59,6,1,0,0,-104,5,0,0,111,6,0
STU_1826,1,3478,10,1,4175,61,1,0,0,697,51,1,0,3826,61,0
STU_1827,2,1627,42,1,1132,52,0,1,1,-495,10,1,0,1380,52,0
STU_1828,0,187,5,0,132,7,2,1,0,-55,1,0,0,160,7,0
STU_1829,0,32,2,0,150,3,2,3,0,117,0,0,0,91,3,0
STU_1830,0,8,0,0,49,2,0,0,0,40,2,0,0,29,2,0
STU_1831,0,90,7,0,64,4,2,1,1,-26,-2,0,0,77,7,0
STU_1832,0,160,2,0,62,6,1,3,0,-98,3,0,0,111,6,0
STU_1833,0,154,4,0,73,9,1,3,1,-81,4,0,0,114,9,0
STU_1834,1,8000,120,1,8000,2,1,1,0,0,-118,1,0,8000,120,0
STU_1835,0,106,8,0,156,3,2,1,1,49,-4,0,0,131,8,0
STU_1836,0,20,5,0,195,0,1,1,1,174,-4,0,0,108,5,0
STU_1837,0,117,9,0,139,7,0,4,1,21,-1,0,0,128,9,0
STU_1838,0,155,4,0,81,4,1,0,0,-74,0,0,0,118,4,0
STU_1839,0,18,9,1,631,60,2,4,1,612,50,0,1,325,60,0
STU_1840,1,2351,47,1,4423,19,0,2,1,2072,-28,1,0,3387,47,0
STU_1841,0,2,5,1,8000,81,1,1,0,7997,75,0,1,4001,81,0
STU_1842,0,118,9,0,166,5,1,0,0,47,-3,0,0,142,9,0
STU_1843,0,177,3,2,6639,115,1,1,0,6461,111,0,1,3408,115,2
STU_1844,0,134,3,0,59,0,1,1,0,-75,-2,0,0,97,3,0
STU_1845,1,396,19,2,7981,24,2,0,1,7585,5,1,1,4188,24,2
STU_1846,0,12,5,0,171,7,0,2,0,158,1,0,0,92,7,0
STU_1847,1,2658,42,1,1335,13,0,5,0,-1323,-29,1,0,1996,42,0
STU_1848,0,162,7,0,134,0,0,2,1,-28,-7,0,0,148,7,0
STU_1849,0,62,1,0,12,9,2,2,0,-50,8,0,0,37,9,0
STU_1850,0,194,4,1,911,14,1,0,0,716,9,0,1,553,14,0
STU_1851,0,57,1,0,9,2,0,1,0,-48,0,0,0,33,2,0
STU_1852,0,177,6,2,1787,9,2,0,1,1609,2,0,1,982,9,0
STU_1853,1,185,120,1,316,22,2,2,1,131,-98,1,0,250,120,0
STU_1854,0,151,9,0,61,7,2,4,1,-90,-1,0,0,106,9,0
STU_1855,0,112,2,0,149,3,2,2,0,36,1,0,0,131,3,0
STU_1856,0,24,2,2,4507,120,0,0,1,4482,117,0,1,2266,120,0
STU_1857,0,106,8,0,28,5,2,1,0,-78,-3,0,0,67,8,0
STU_1858,0,71,4,0,145,3,1,2,0,73,0,0,0,108,4,0
STU_1859,0,158,0,0,103,9,2,1,0,-55,8,0,0,131,9,0
STU_1860,0,151,4,0,22,8,1,3,1,-129,3,0,0,87,8,0
STU_1861,0,182,0,1,4801,1,2,3,0,4618,0,0,1,2492,1,0
STU_1862,0,2,9,0,122,0,1,2,0,119,-9,0,0,62,9,0
STU_1863,0,161,5,0,103,9,0,1,0,-58,3,0,0,132,9,0
STU_1864,0,187,2,0,185,1,1,1,0,-2,-1,0,0,186,2,0
STU_1865,0,157,5,1,5389,55,2,0,1,5231,49,0,1,2773,55,0
STU_1866,2,29,69,0,198,1,2,1,0,169,-67,0,0,114,69,0
STU_1867,0,16,7,0,102,1,0,1,1,85,-6,0,0,59,7,0
STU_1868,0,4,9,0,23,8,0,2,0,18,-1,0,0,14,9,0
STU_1869,0,125,8,0,94,5,0,2,1,-31,-2,0,0,110,8,0
STU_1870,0,125,3,0,36,9,1,0,1,-89,6,0,0,81,9,0
STU_1871,1,1087,53,0,119,2,2,1,0,-968,-50,0,0,603,53,0
STU_1872,0,79,0,2,244,119,0,0,0,164,118,0,1,162,119,0
STU_1873,2,1210,64,2,2442,98,1,0,1,1232,34,1,0,1826,98,0
STU_1874,1,760,75,0,20,8,2,3,1,-740,-66,0,0,390,75,0
STU_1875,0,165,4,0,94,7,1,0,0,-71,2,0,0,130,7,0
STU_1876,0,187,9,0,16,1,1,1,0,-171,-7,0,0,102,9,0
STU_1877,0,160,1,0,136,7,1,0,1,-24,6,0,0,148,7,0
STU_1878,0,85,0,0,158,3,1,3,1,72,3,0,0,122,3,0
STU_1879,0,126,0,0,192,5,0,2,0,65,4,0,0,159,5,0
STU_1880,0,171,2,0,30,6,1,0,0,-141,3,0,0,101,6,0
STU_1881,0,98,0,0,106,6,1,1,0,7,5,0,0,102,6,0
STU_1882,0,43,5,1,5259,40,2,2,1,5215,34,0,1,2651,40,0
STU_1883,0,33,3,0,184,6,1,4,0,150,3,0,0,109,6,0
STU_1884,1,8000,4,1,3889,71,2,0,1,-4111,67,1,0,5944,71,0
STU_1885,0,143,7,0,29,4,0,3,0,-114,-2,0,0,86,7,0
STU_1886,1,2481,88,1,2874,75,1,4,0,393,-13,1,0,2678,88,0
STU_1887,0,48,6,0,131,2,0,4,1,82,-3,0,0,90,6,0
STU_1888,0,59,3,0,140,3,0,2,1,80,0,0,0,100,3,0
STU_1889,0,112,5,1,2139,32,1,2,1,2026,26,0,1,1126,32,0
STU_1890,0,79,9,0,36,4,2,1,0,-43,-5,0,0,58,9,0
STU_1891,0,134,0,0,190,9,0,2,1,55,9,0,0,162,9,0
STU_1892,0,11,5,0,12,2,1,1,1,0,-2,0,0,12,5,0
STU_1893,1,5389,12,2,8000,69,2,2,0,2611,57,1,1,6694,69,2
STU_1894,0,99,5,0,172,7,0,1,0,72,1,0,0,136,7,0
STU_1895,0,67,2,0,132,0,1,2,0,64,-2,0,0,100,2,0
STU_1896,1,234,42,1,3500,17,1,3,0,3266,-25,1,0,1867,42,0
STU_1897,0,13,6,0,15,3,1,0,1,1,-2,0,0,14,6,0
STU_1898,0,179,8,1,1573,37,0,3,0,1393,28,0,1,876,37,0
STU_1899,0,138,0,0,20,0,1,1,1,-118,0,0,0,79,0,0
STU_1900,1,137,5,0,17,1,2,3,0,-120,-3,0,0,77,5,0
STU_1901,0,13,3,0,109,3,1,1,1,95,0,0,0,61,3,0
STU_1902,0,194,2,0,43,3,0,1,0,-151,1,0,0,119,3,0
STU_1903,0,136,2,1,507,4,2,4,0,370,1,0,1,322,4,0
STU_1904,1,1153,64,0,89,0,0,1,0,-1064,-63,0,0,621,64,0
STU_1905,0,140,1,0,139,6,1,3,0,-1,4,0,0,140,6,0
STU_1906,2,1252,30,2,2105,9,0,1,1,853,-21,1,0,1678,30,0
STU_1907,0,155,9,0,64,8,2,1,0,-91,-1,0,0,110,9,0
STU_1908,1,1,1,1,3059,26,1,1,1,3058,25,1,0,1530,26,0
STU_1909,0,85,2,0,68,4,1,2,0,-17,2,0,0,77,4,0
STU_1910,0,2,2,0,159,2,0,1,0,156,0,0,0,81,2,0
STU_1911,1,882,66,0,117,6,1,0,0,-765,-59,0,0,500,66,0
STU_1912,0,120,7,0,51,1,2,1,1,-69,-5,0,0,86,7,0
STU_1913,0,40,7,0,164,1,2,0,1,123,-5,0,0,102,7,0
STU_1914,0,183,1,1,1124,14,1,5,0,940,12,0,1,654,14,0
STU_1915,0,182,8,0,140,9,1,4,0,-42,1,0,0,161,9,0
STU_1916,0,197,4,0,88,8,1,1,0,-109,4,0,0,143,8,0
STU_1917,0,174,2,0,146,5,2,2,1,-28,3,0,0,160,5,0
STU_1918,0,199,5,1,614,28,1,1,1,414,22,0,1,407,28,0
STU_1919,0,48,8,0,150,9,1,2,0,101,1,0,0,99,9,0
STU_1920,0,168,7,1,5798,44,1,3,1,5629,36,0,1,2983,44,0
STU_1921,0,164,8,0,30,4,1,4,0,-134,-4,0,0,97,8,0
STU_1922,0,46,9,1,696,1,0,1,1,649,-8,0,1,371,9,0
STU_1923,0,19,2,0,92,2,1,3,0,72,0,0,0,56,2,0
STU_1924,0,195,4,0,15,0,1,1,1,-180,-3,0,0,105,4,0
STU_1925,2,4372,51,1,1986,26,2,5,0,-2386,-25,1,0,3179,51,0
STU_1926,0,174,8,1,1429,15,0,0,1,1254,6,0,1,802,15,0
STU_1927,1,1306,1,0,10,3,1,2,1,-1296,2,0,0,658,3,0
STU_1928,1,8000,1,0,181,4,1,2,1,-7819,3,0,0,4090,4,0
STU_1929,1,3999,62,0,97,5,1,2,1,-3902,-56,0,0,2048,62,0
STU_1930,0,47,3,1,4761,59,0,0,1,4713,55,0,1,2404,59,0
STU_1931,1,3843,16,1,2319,3,1,4,0,-1524,-13,1,0,3081,16,0
STU_1932,1,241,79,1,3597,12,1,0,0,3356,-67,1,0,1919,79,0
STU_1933,0,15,8,0,0,1,1,2,0,-15,-7,0,0,8,8,0
STU_1934,0,32,0,0,138,6,1,0,1,105,5,0,0,85,6,0
STU_1935,0,77,4,1,3983,1,1,1,0,3905,-3,0,1,2030,4,0
STU_1936,0,37,0,1,1030,13,2,1,1,992,12,0,1,534,13,0
STU_1937,0,158,3,0,98,2,0,1,1,-60,-1,0,0,128,3,0
STU_1938,0,83,1,0,18,6,2,0,0,-65,4,0,0,51,6,0
STU_1939,0,18,2,2,1978,21,1,0,0,1959,18,0,1,998,21,0
STU_1940,0,96,8,1,291,11,0,1,0,194,2,0,1,194,11,0
STU_1941,0,18,4,0,22,4,0,2,0,3,0,0,0,20,4,0
STU_1942,0,25,2,0,163,4,1,3,0,137,1,0,0,94,4,0
STU_1943,1,40,3,1,8000,15,2,0,0,7960,12,1,0,4020,15,0
STU_1944,0,171,1,0,69,8,1,1,1,-102,7,0,0,120,8,0
STU_1945,0,184,2,0,138,7,2,0,1,-46,4,0,0,161,7,0
STU_1946,0,165,5,0,0,8,1,0,0,-165,3,0,0,83,8,0
STU_1947,0,66,2,0,186,7,1,2,0,119,4,0,0,126,7,0
STU_1948,0,54,6,0,110,9,0,2,0,55,2,0,0,82,9,0
STU_1949,2,2836,48,1,2775,42,1,0,1,-61,-6,1,0,2806,48,0
STU_1950,0,144,7,0,133,4,1,0,1,-11,-3,0,0,139,7,0
STU_1951,2,1810,120,2,2816,120,0,0,0,1006,0,1,0,2313,120,0
STU_1952,0,26,1,0,171,5,0,3,0,144,4,0,0,99,5,0
STU_1953,0,9,3,0,122,1,1,5,1,112,-1,0,0,66,3,0
STU_1954,0,138,3,0,182,3,1,0,1,43,0,0,0,160,3,0
STU_1955,1,586,116,2,1122,44,2,0,0,536,-72,1,1,854,116,0
STU_1956,0,169,8,0,34,2,2,3,1,-135,-5,0,0,102,8,0
STU_1957,0,135,7,0,183,3,1,4,0,47,-4,0,0,159,7,0
STU_1958,1,3135,18,2,8000,13,1,1,0,4865,-5,1,1,5568,18,2
STU_1959,0,102,5,0,140,8,1,0,1,37,3,0,0,121,8,0
STU_1960,0,182,0,2,4519,38,2,0,1,4336,37,0,1,2351,38,0
STU_1961,1,1252,11,0,15,8,0,2,0,-1237,-2,0,0,634,11,0
STU_1962,0,169,7,0,86,8,1,1,1,-83,0,0,0,128,8,0
STU_1963,0,61,5,0,48,4,2,0,0,-13,-1,0,0,55,5,0
STU_1964,0,39,2,0,126,3,1,2,1,86,0,0,0,83,3,0
STU_1965,0,109,6,0,161,0,1,0,0,51,-6,0,0,135,6,0
STU_1966,0,90,3,1,225,23,1,3,1,134,19,0,1,158,23,0
STU_1967,0,175,5,1,2128,9,0,1,1,1952,3,0,1,1152,9,0
STU_1968,0,20,4,0,157,7,1,0,0,136,2,0,0,89,7,0
STU_1969,0,51,3,0,183,3,1,2,1,131,0,0,0,117,3,0
STU_1970,1,206,26,0,137,9,0,1,1,-69,-16,0,0,172,26,0
STU_1971,2,174,14,0,49,4,0,5,1,-125,-9,0,0,112,14,0
STU_1972,0,64,0,0,122,8,2,1,0,57,8,0,0,93,8,0
STU_1973,0,77,9,0,194,2,0,1,1,116,-6,0,0,136,9,0
STU_1974,1,138,79,1,5126,38,1,2,1,4988,-41,1,0,2632,79,0
STU_1975,0,31,7,0,128,5,0,1,0,96,-1,0,0,80,7,0
STU_1976,0,172,8,0,177,9,2,4,1,4,1,0,0,175,9,0
STU_1977,1,937,32,1,407,13,0,1,0,-530,-19,1,0,672,32,0
STU_1978,1,3932,14,0,49,9,1,1,0,-3883,-4,0,0,1990,14,0
STU_1979,0,93,1,0,191,7,2,0,0,97,6,0,0,142,7,0
STU_1980,0,55,1,1,2118,65,2,1,1,2062,63,0,1,1087,65,0
STU_1981,0,28,6,0,38,4,0,3,1,9,-2,0,0,33,6,0
STU_1982,0,0,8,0,84,3,2,3,0,83,-4,0,0,42,8,0
STU_1983,0,106,8,0,118,1,1,0,1,11,-7,0,0,112,8,0
STU_1984,0,21,6,0,121,9,1,0,0,99,3,0,0,71,9,0
STU_1985,0,78,5,0,58,9,0,3,0,-20,4,0,0,68,9,0
STU_1986,1,1153,17,1,4048,15,0,4,0,2895,-2,1,0,2600,17,0
STU_1987,1,871,0,1,1732,11,1,0,1,861,11,1,0,1302,11,0
STU_1988,0,35,3,1,3891,33,1,1,1,3855,29,0,1,1963,33,0
STU_1989,1,75,4,1,704,15,1,1,1,629,11,1,0,390,15,0
STU_1990,1,3752,4,0,140,0,1,3,1,-3612,-3,0,0,1946,4,0
STU_1991,0,20,6,0,133,8,2,0,0,112,2,0,0,77,8,0
STU_1992,0,31,3,1,2261,18,0,0,0,2229,14,0,1,1146,18,0
STU_1993,0,192,9,0,83,4,1,2,0,-109,-5,0,0,138,9,0
STU_1994,0,7,5,0,70,8,0,0,0,62,2,0,0,39,8,0
STU_1995,0,195,9,0,47,0,2,1,0,-148,-8,0,0,121,9,0
STU_1996,0,0,0,0,92,3,1,1,1,91,3,0,0,46,3,0
STU_1997,0,174,5,0,137,9,2,1,0,-37,3,0,0,156,9,0
STU_1998,0,61,7,0,148,6,0,1,1,86,0,0,0,105,7,0
STU_1999,1,715,18,1,1216,9,0,1,0,501,-9,1,0,966,18,0
STU_2000,0,63,9,1,300,35,0,0,0,236,25,0,1,182,35,0
